Name of Game,Release Date,Category,Platforms Available,Developer,Publisher,Price,Average Rating,Age Restriction,Multiplayer (True/False),Average Completion Time,Trailer Link,Image Link,Description
Resident Evil Village,2021-05-07,Survival Horror,"PC, PS4, PS5, Xbox One, Xbox Series",Capcom,Capcom,$60,8.5,18,True,10-15 hours,https://www.youtube.com/watch?v=btFclZUXpzA,https://www.google.com/search?q=Resident+Evil+Village&tbm=isch,"The eighth major installment in the Resident Evil series, featuring a village filled with terrifying enemies."
It Takes Two,2021-03-26,Action-Adventure,"PC, PS4, PS5, Xbox One, Xbox Series",Hazelight Studios,Electronic Arts,$40,9.0,12,True,12-15 hours,https://www.youtube.com/watch?v=ohClxMmNLQQ,https://www.google.com/search?q=It+Takes+Two+game&tbm=isch,"A cooperative action-adventure game that explores the complexities of relationships, using unique gameplay mechanics."
Metroid Dread,2021-10-08,Action-Adventure,Nintendo Switch,MercurySteam,Nintendo,$60,8.5,12,False,8-12 hours,https://www.youtube.com/watch?v=8NjCICl7dDo,https://www.google.com/search?q=Metroid+Dread&tbm=isch,"A return to the series' side-scrolling roots, offering a tense, atmospheric exploration experience."
Returnal,2021-04-30,Third-Person Shooter,PS5,Housemarque,Sony Interactive Entertainment,$70,8.5,18,False,20-30 hours,https://www.youtube.com/watch?v=UVgwzj62X_g,https://www.google.com/search?q=Returnal&tbm=isch,"A roguelike third-person shooter that combines fast-paced combat with a mysterious, ever-changing alien planet."
Ratchet & Clank: Rift Apart,2021-06-11,Platformer,PS5,Insomniac Games,Sony Interactive Entertainment,$70,9.0,12,False,10-15 hours,https://www.youtube.com/watch?v=ai3o0XtrnM8,https://www.google.com/search?q=Ratchet+%26+Clank%3A+Rift+Apart&tbm=isch,"An interdimensional adventure that showcases the power of the PS5, featuring stunning visuals and innovative gameplay."
Psychonauts 2,2021-08-25,Platform,"PC, PS4, Xbox One, Xbox Series",Double Fine Productions,Xbox Game Studios,$60,9.0,12,False,12-15 hours,https://www.youtube.com/watch?v=EUfUnA2iEZ0,https://www.google.com/search?q=Psychonauts+2&tbm=isch,"A long-awaited sequel offering a deep dive into the human mind, filled with creativity and humor."
Forza Horizon 5,2021-11-09,Racing,"PC, Xbox One, Xbox Series",Playground Games,Xbox Game Studios,$60,9.0,3,True,10-50 hours,https://www.youtube.com/watch?v=d_20X1YM28U,https://www.google.com/search?q=Forza+Horizon+5&tbm=isch,"An open-world racing game set in a beautifully rendered Mexico, offering a vast array of vehicles and events."
Deathloop,2021-09-14,First-Person Shooter,"PC, PS5",Arkane Studios,Bethesda Softworks,$60,8.5,18,True,15-20 hours,https://www.youtube.com/watch?v=mc2hz3LJhTY,https://www.google.com/search?q=Deathloop&tbm=isch,"A time-loop shooter where players must use stealth, strategy, and firepower to break the cycle and escape the loop."
Tales of Arise,2021-09-10,JRPG,"PC, PS4, PS5, Xbox One, Xbox Series",Bandai Namco Studios,Bandai Namco Entertainment,$60,9.0,12,True,40-50 hours,https://www.youtube.com/watch?v=x5Q_3J_oJ7Q,https://www.google.com/search?q=Tales+of+Arise&tbm=isch,A story-driven RPG that combines traditional Tales gameplay elements with a visually stunning world.
Monster Hunter Rise,2021-03-26,Action RPG,"Nintendo Switch, PC",Capcom,Capcom,$60,8.5,12,True,50-100 hours,https://www.youtube.com/watch?v=3LnBHHI2L9A,https://www.google.com/search?q=Monster+Hunter+Rise&tbm=isch,"An action-packed hunting game that expands the series with new mechanics, monsters, and a vibrant setting."
Elden Ring,2022-02-25,Action RPG,"PC, PS4, PS5, Xbox One, Xbox Series",FromSoftware,Bandai Namco,$60,9.5,18,True,50-100 hours,https://www.youtube.com/watch?v=e5wwSxl0atc,https://www.google.com/search?q=Elden+Ring&tbm=isch,"An expansive open-world game combining deep lore with challenging combat, set in the Lands Between."
God of War Ragnarök,2022-11-09,Action-Adventure,"PS4, PS5",Santa Monica Studio,Sony Interactive Entertainment,$70,9.5,18,False,20-35 hours,https://www.youtube.com/watch?v=EE-4GvjKcfs,https://www.google.com/search?q=God+of+War+Ragnarok&tbm=isch,Follows Kratos and Atreus as they venture into the Nine Realms in the face of the impending Ragnarök.
Horizon Forbidden West,2022-02-18,Action RPG,"PS4, PS5",Guerrilla Games,Sony Interactive Entertainment,$60,9.0,12,False,20-80 hours,https://www.youtube.com/watch?v=Lq594XmpPBg,https://www.google.com/search?q=Horizon+Forbidden+West&tbm=isch,Aloy ventures into the Forbidden West to uncover the cause of a mysterious blight.
Call of Duty: Modern Warfare II,2022-10-28,First-Person Shooter,"PC, PS4, PS5, Xbox One, Xbox Series",Infinity Ward,Activision,$70,8.0,18,True,5-8 hours (Campaign),https://www.youtube.com/watch?v=zu3wZ-_IKrM,https://www.google.com/search?q=Call+of+Duty+Modern+Warfare+II+2022&tbm=isch,"A reimagining of the classic Modern Warfare series, featuring both a gripping campaign and dynamic multiplayer modes."
Stray,2022-07-19,Adventure,"PC, PS4, PS5",BlueTwelve Studio,Annapurna Interactive,$30,8.5,3,False,5-7 hours,https://www.youtube.com/watch?v=u84hRUQlaio,https://www.google.com/search?q=Stray+game&tbm=isch,"Play as a cat exploring a mysterious, robot-filled city, solving puzzles and unraveling its secrets."
Pokémon Scarlet and Violet,2022-11-18,RPG,Nintendo Switch,Game Freak,"Nintendo, The Pokémon Company",$60,8.0,3,True,25-40 hours,https://www.youtube.com/watch?v=5bYv7nJUdxE,https://www.google.com/search?q=Pokemon+Scarlet+and+Violet&tbm=isch,"An open-world Pokémon adventure in the new Paldea region, featuring a mix of new and familiar Pokémon."
LEGO Star Wars: The Skywalker Saga,2022-04-05,Action-Adventure,"PC, PS4, PS5, Xbox One, Xbox Series, Switch",TT Games,Warner Bros. Interactive Entertainment,$60,8.5,3,True,15-35 hours,https://www.youtube.com/watch?v=5jz6D2g2B6c,https://www.google.com/search?q=LEGO+Star+Wars+The+Skywalker+Saga&tbm=isch,"The ultimate LEGO Star Wars experience, covering all nine saga films with a unique, humorous twist."
Splatoon 3,2022-09-09,Third-Person Shooter,Nintendo Switch,Nintendo,Nintendo,$60,8.5,12,True,15-20 hours (Multiplayer focus),https://www.youtube.com/watch?v=GUYDXVDLmns,https://www.google.com/search?q=Splatoon+3&tbm=isch,"The third installment in the vibrant ink-based shooter series, featuring new modes, weapons, and arenas."
Xenoblade Chronicles 3,2022-07-29,RPG,Nintendo Switch,Monolith Soft,Nintendo,$60,9.0,12,False,50-100 hours,https://www.youtube.com/watch?v=9tDMLXn99P4,https://www.google.com/search?q=Xenoblade+Chronicles+3&tbm=isch,"An epic saga set in the fantastical world of Alrest, exploring the interconnected lives of its inhabitants."
Total War: Warhammer III,2022-02-17,Strategy,PC,Creative Assembly,Sega,$60,9.0,16,True,20-100 hours,https://www.youtube.com/watch?v=HAr7yUlM0Po,https://www.google.com/search?q=Total+War:+Warhammer+III&tbm=isch,"A grand strategy game set in the Warhammer fantasy universe, offering expansive battles and deep lore."
The Last of Us Part II,2020-06-19,Action-Adventure,PS4,Naughty Dog,Sony Interactive Entertainment,$60,9.5,18,False,25-30 hours,https://www.youtube.com/watch?v=UzdNECcio54,https://www.google.com/search?q=The+Last+of+Us+Part+II&tbm=isch,A deeply emotional journey that continues Ellie and Joel's story in a post-apocalyptic world filled with moral complexities and infected creatures.
Animal Crossing: New Horizons,2020-03-20,Simulation,Nintendo Switch,Nintendo,Nintendo,$60,9.0,3,True,Endless,https://www.youtube.com/watch?v=_3YNL0OWio0,https://www.google.com/search?q=Animal+Crossing%3A+New+Horizons&tbm=isch,"Escape to a deserted island and create your paradise as you explore, create, and customize in the Animal Crossing: New Horizons game."
Doom Eternal,2020-03-20,First-Person Shooter,"PC, PS4, Xbox One, Switch",id Software,Bethesda Softworks,$60,9.0,18,True,12-16 hours,https://www.youtube.com/watch?v=qgvV4GE8vVA,https://www.google.com/search?q=Doom+Eternal&tbm=isch,Hell’s armies have invaded Earth. Become the Slayer in an epic single-player campaign to conquer demons across dimensions and stop the final destruction of humanity.
Ghost of Tsushima,2020-07-17,Action-Adventure,PS4,Sucker Punch Productions,Sony Interactive Entertainment,$60,9.0,18,False,20-50 hours,https://www.youtube.com/watch?v=Zbq7BnsQhrw,https://www.google.com/search?q=Ghost+of+Tsushima&tbm=isch,"In the late 13th century, the Mongol empire has laid waste to entire nations along their campaign to conquer the East. Tsushima Island is all that stands between mainland Japan and a massive Mongol invasion fleet led by the cunning and ruthless general, Khotun Khan."
Hades,2020-09-17,Roguelike,"PC, Switch",Supergiant Games,Supergiant Games,$25,9.5,12,False,20-100 hours,https://www.youtube.com/watch?v=oVa8Eww9w5Y,https://www.google.com/search?q=Hades+game&tbm=isch,"Defy the god of the dead as you hack and slash out of the Underworld in this rogue-like dungeon crawler from the creators of Bastion, Transistor, and Pyre."
Valheim,2021-02-02,"Survival, Sandbox",PC,Iron Gate AB,Coffee Stain Publishing,$20,9.0,12,True,100+ hours,https://www.youtube.com/watch?v=oVpCtiUdznQ,https://www.google.com/search?q=Valheim&tbm=isch,A brutal exploration and survival game for 1-10 players set in a procedurally-generated purgatory inspired by Viking culture.
Far Cry 6,2021-10-07,First-Person Shooter,"PC, PS4, PS5, Xbox One, Xbox Series X/S, Stadia",Ubisoft Toronto,Ubisoft,$60,8.0,18,True,20-50 hours,https://www.youtube.com/watch?v=mbGbLWevpC4,https://www.google.com/search?q=Far+Cry+6&tbm=isch,Fight for freedom against a dictator and his son in the tropical paradise of Yara in this guerrilla revolution.
New World,2021-09-28,MMORPG,PC,Amazon Games Orange County,Amazon Games,$40,7.5,16,True,Endless,https://www.youtube.com/watch?v=OKnUBs-Ko44,https://www.google.com/search?q=New+World+game&tbm=isch,"Engage in a massive, open-world MMO filled with danger and opportunity where you'll forge a new destiny for yourself as an adventurer shipwrecked on the supernatural island of Aeternum."
Sekiro: Shadows Die Twice,2019-03-22,Action-Adventure,"PC, PS4, Xbox One",FromSoftware,Activision,$60,9.0,18,False,30-50 hours,https://www.youtube.com/watch?v=4OgoTZXPACo,https://www.google.com/search?q=Sekiro:+Shadows+Die+Twice&tbm=isch,"A challenging journey into the heart of Japan’s late 1500s, combining ninja stealth with visceral combat."
The Outer Worlds,2019-10-25,RPG,"PC, PS4, Xbox One, Switch",Obsidian Entertainment,Private Division,$60,8.5,18,False,25-40 hours,https://www.youtube.com/watch?v=MGLTgt0EEqc,https://www.google.com/search?q=The+Outer+Worlds&tbm=isch,"A player-driven story set in a sci-fi universe, with deep character customization and impactful choices."
Death Stranding,2019-11-08,"Action, Adventure","PS4, PC",Kojima Productions,"Sony Interactive Entertainment (PS4), 505 Games (PC)",$60,8.5,18,False,40-60 hours,https://www.youtube.com/watch?v=piIgkJWDuQg,https://www.google.com/search?q=Death+Stranding&tbm=isch,"From legendary game creator Hideo Kojima comes an all-new, genre-defying experience."
Control,2019-08-27,Action-Adventure,"PC, PS4, Xbox One, Switch",Remedy Entertainment,505 Games,$60,8.5,16,False,10-15 hours,https://www.youtube.com/watch?v=PT5yMfC9LQM,https://www.google.com/search?q=Control+game&tbm=isch,A visually stunning third-person action-adventure that will keep you on the edge of your seat.
Star Wars Jedi: Fallen Order,2019-11-15,Action-Adventure,"PC, PS4, Xbox One",Respawn Entertainment,Electronic Arts,$60,9.0,16,False,20-30 hours,https://www.youtube.com/watch?v=0GLbwkfhYZk,https://www.google.com/search?q=Star+Wars+Jedi:+Fallen+Order&tbm=isch,A new action-adventure game that tells an original Star Wars story about a surviving Padawan set shortly after the events of Star Wars: Episode III - Revenge of the Sith.
Apex Legends,2019-02-04,Battle Royale,"PC, PS4, Xbox One, Switch",Respawn Entertainment,Electronic Arts,Free-to-play,8.5,16,True,Endless,https://www.youtube.com/watch?v=UMJb_mkqynU,https://www.google.com/search?q=Apex+Legends&tbm=isch,"A free-to-play Battle Royale game where legendary competitors battle for glory, fame, and fortune on the fringes of the Frontier."
Fire Emblem: Three Houses,2019-07-26,Tactical RPG,Nintendo Switch,"Intelligent Systems, Koei Tecmo",Nintendo,$60,9.5,12,False,40-80 hours,https://www.youtube.com/watch?v=ADaRsEhTB70,https://www.google.com/search?q=Fire+Emblem:+Three+Houses&tbm=isch,"A turn-based tactical RPG that lets you control a character who is hired to teach at a prestigious academy, influencing the fate of a continent on the verge of war."
Luigi's Mansion 3,2019-10-31,Action-Adventure,Nintendo Switch,Next Level Games,Nintendo,$60,8.5,3,True,12-15 hours,https://www.youtube.com/watch?v=RSGgCfbYrg0,https://www.google.com/search?q=Luigi%27s+Mansion+3&tbm=isch,Luigi's dream vacation turns into a ghostly—and gooey— nightmare in Luigi's Mansion 3!
Gears 5,2019-09-10,Third-Person Shooter,"PC, Xbox One",The Coalition,Xbox Game Studios,$60,8.5,18,True,10-12 hours,https://www.youtube.com/watch?v=4IP_EPLfvSo,https://www.google.com/search?q=Gears+5&tbm=isch,"The world is crumbling. The Swarm has corrupted the Coalition's robot army and is descending upon human cities. With danger closing in, Kait Diaz breaks away to uncover her connection to the enemy and discovers the true danger to Sera – herself."
Borderlands 3,2019-09-13,"Action RPG, First-Person Shooter","PC, PS4, Xbox One, Stadia",Gearbox Software,2K Games,$60,8.0,18,True,30-50 hours,https://www.youtube.com/watch?v=d9Gu1PspA3Y,https://www.google.com/search?q=Borderlands+3&tbm=isch,"The original shooter-looter returns, packing bazillions of guns and a mayhem-fueled adventure!"
God of War,2018-04-20,Action-Adventure,PS4,Santa Monica Studio,Sony Interactive Entertainment,$60,9.5,18,False,20-50 hours,https://www.youtube.com/watch?v=K0u_kAWLJOA,https://www.google.com/search?q=God+of+War+2018&tbm=isch,"Kratos and his son Atreus set out on a deeply personal quest into the Norse wilds, fighting gods and monsters to fulfill a promise to his deceased wife."
Red Dead Redemption 2,2018-10-26,Action-Adventure,"PS4, Xbox One, PC",Rockstar Games,Rockstar Games,$60,9.5,18,True,50-200 hours,https://www.youtube.com/watch?v=HVRzx17WHVk,https://www.google.com/search?q=Red+Dead+Redemption+2&tbm=isch,"An epic tale of life in America at the dawn of the modern age, following Arthur Morgan and the Van der Linde gang as they flee across the heartland of America."
Marvel's Spider-Man,2018-09-07,Action-Adventure,PS4,Insomniac Games,Sony Interactive Entertainment,$60,9.0,12,False,20-30 hours,https://www.youtube.com/watch?v=n9WEU4kRRrg,https://www.google.com/search?q=Marvel%27s+Spider-Man+2018&tbm=isch,Swing through vibrant neighborhoods and defeat villains as the iconic Spider-Man in this original storyline inspired by the comic books.
Monster Hunter: World,2018-01-26,Action RPG,"PS4, Xbox One, PC",Capcom,Capcom,$60,9.0,12,True,50-100 hours,https://www.youtube.com/watch?v=Ro6r15wzp2o,https://www.google.com/search?q=Monster+Hunter+World&tbm=isch,"Hunters traverse a new world packed with surprises and excitement, engaging in epic battles against fearsome monsters."
Celeste,2018-01-25,Platformer,"PC, PS4, Xbox One, Switch",Matt Makes Games,Matt Makes Games,$20,9.5,3,False,10-15 hours,https://www.youtube.com/watch?v=70d9irlxiB4,https://www.google.com/search?q=Celeste+game&tbm=isch,"Help Madeline survive her inner demons on her journey to the top of Celeste Mountain in this super-tight, hand-crafted platformer."
Assassin's Creed Odyssey,2018-10-05,Action RPG,"PC, PS4, Xbox One, Stadia",Ubisoft Quebec,Ubisoft,$60,8.5,18,False,40-100 hours,https://www.youtube.com/watch?v=s_SJZSAtLBA,https://www.google.com/search?q=Assassin%27s+Creed+Odyssey&tbm=isch,Embark on an epic journey in ancient Greece to become a legendary Spartan hero.
Super Smash Bros. Ultimate,2018-12-07,Fighting,Nintendo Switch,"Bandai Namco Studios, Sora Ltd.",Nintendo,$60,9.5,12,True,Endless,https://www.youtube.com/watch?v=ExZdC_rOQSo,https://www.google.com/search?q=Super+Smash+Bros.+Ultimate&tbm=isch,The ultimate fighting game featuring all past Super Smash Bros. characters and numerous stages from the series history.
Detroit: Become Human,2018-05-25,Adventure,"PS4, PC",Quantic Dream,"Sony Interactive Entertainment (PS4), Quantic Dream (PC)",$60,8.5,18,False,10-20 hours,https://www.youtube.com/watch?v=8a-EObAhYrg,https://www.google.com/search?q=Detroit:+Become+Human&tbm=isch,Explore a near-future world where androids live alongside humans. Every choice you make affects the outcome of the game.
Forza Horizon 4,2018-10-02,Racing,"PC, Xbox One",Playground Games,Microsoft Studios,$60,9.0,3,True,Endless,https://www.youtube.com/watch?v=VmQNo8xtcAg,https://www.google.com/search?q=Forza+Horizon+4&tbm=isch,Experience dynamic seasons in a shared open-world while exploring beautiful scenery in over 450 cars.
Hitman 2,2018-11-13,Stealth,"PC, PS4, Xbox One",IO Interactive,Warner Bros. Interactive Entertainment,$60,8.5,18,False,20-40 hours,https://www.youtube.com/watch?v=Xq5mKOYlWVA,https://www.google.com/search?q=Hitman+2&tbm=isch,"Travel the globe and track your targets across exotic sandbox locations in HITMAN™ 2. From sun-drenched streets to dark and dangerous rainforests, nowhere is safe from the world's most creative assassin, Agent 47."
The Legend of Zelda: Breath of the Wild,2017-03-03,Action-Adventure,"Nintendo Switch, Wii U",Nintendo EPD,Nintendo,$60,10,12,False,50-100 hours,https://www.youtube.com/watch?v=zw47_q9wbBE,https://www.google.com/search?q=The+Legend+of+Zelda:+Breath+of+the+Wild&tbm=isch,"An open-world adventure across the vast kingdom of Hyrule, as Link awakens from a deep sleep to find a world in ruin."
Horizon Zero Dawn,2017-02-28,Action RPG,"PS4, PC",Guerrilla Games,Sony Interactive Entertainment,$60,9.5,16,False,40-60 hours,https://www.youtube.com/watch?v=u4-FCsiF5x4,https://www.google.com/search?q=Horizon+Zero+Dawn&tbm=isch,Aloy embarks on a quest to uncover her past and discover her destiny in a world overrun by robotic creatures.
Persona 5,2017-04-04,JRPG,"PS4, PS3",Atlus,Atlus,$60,9.5,16,False,80-100 hours,https://www.youtube.com/watch?v=vR0f83wdzIE,https://www.google.com/search?q=Persona+5&tbm=isch,"Players live a double life as a high school student and a phantom thief, exploring the metaverse to change the hearts of corrupt adults."
Cuphead,2017-09-29,Run and Gun,"PC, Xbox One, PS4, Switch",Studio MDHR,Studio MDHR,$20,8.5,12,True,10-20 hours,https://www.youtube.com/watch?v=4TjUPXAn2Rg,https://www.google.com/search?q=Cuphead&tbm=isch,"A classic run-and-gun action game heavily focused on boss battles, inspired by cartoons of the 1930s."
Super Mario Odyssey,2017-10-27,Platformer,Nintendo Switch,Nintendo EPD,Nintendo,$60,10,3,True,12-50 hours,https://www.youtube.com/watch?v=wGQHQc_3ycE,https://www.google.com/search?q=Super+Mario+Odyssey&tbm=isch,"Mario embarks on a new journey through unknown worlds, running and jumping through huge 3D worlds in the first sandbox-style Mario game since Super Mario 64 and Super Mario Sunshine."
PlayerUnknown's Battlegrounds (PUBG),2017-12-20,Battle Royale,"PC, PS4, Xbox One, Mobile",PUBG Corporation,PUBG Corporation,$30,8.5,16,True,Endless,https://www.youtube.com/watch?v=ODWCbu_cuqk,https://www.google.com/search?q=PUBG&tbm=isch,A battle royale shooter that pits 100 players against each other in a struggle for survival. Gather supplies and outwit your opponents to become the last person standing.
Nier: Automata,2017-03-07,Action RPG,"PC, PS4, Xbox One",PlatinumGames,Square Enix,$60,9.0,18,False,20-40 hours,https://www.youtube.com/watch?v=_pGaz_qN0cw,https://www.google.com/search?q=Nier:+Automata&tbm=isch,"Follow the story of androids 2B, 9S, and A2 as they reclaim the machine-driven dystopia overrun by powerful machines."
Hellblade: Senua's Sacrifice,2017-08-08,Action-Adventure,"PC, PS4, Xbox One, Switch",Ninja Theory,Ninja Theory,$30,9.0,18,False,8-10 hours,https://www.youtube.com/watch?v=fBJ0ifVtK5c,https://www.google.com/search?q=Hellblade:+Senua%27s+Sacrifice&tbm=isch,A journey into myth and madness set in the Viking age. A broken Celtic warrior embarks on a haunting vision quest into Viking Hell to fight for the soul of her dead lover.
Resident Evil 7: Biohazard,2017-01-24,Survival Horror,"PC, PS4, Xbox One",Capcom,Capcom,$60,9.0,18,False,9-12 hours,https://www.youtube.com/watch?v=W1OUs3HwIuo,https://www.google.com/search?q=Resident+Evil+7:+Biohazard&tbm=isch,Experience horror like never before in Resident Evil 7. Step into the new Isolated View and feel the horror close from every angle.
Destiny 2,2017-09-06,"First-Person Shooter, MMO","PC, PS4, Xbox One",Bungie,"Activision (until 2019), Bungie (post-2019)",Free-to-play (as of October 2019),8.5,12,True,"12-50 hours (main story), Endless (with expansions and multiplayer)",https://www.youtube.com/watch?v=hdWkpbPTpmE,https://www.google.com/search?q=Destiny+2&tbm=isch,Engage in epic PvE and PvP battles in the sequel to Destiny. Explore the mysteries of the solar system and unleash elemental abilities against powerful enemies.
Overwatch,2016-05-24,First-Person Shooter,"PC, PS4, Xbox One, Switch",Blizzard Entertainment,Blizzard Entertainment,$40,9.0,12,True,Endless,https://www.youtube.com/watch?v=dushZybUYnM,https://www.google.com/search?q=Overwatch&tbm=isch,A team-based multiplayer first-person shooter where heroes do battle in a world of conflict.
Dark Souls III,2016-04-12,Action RPG,"PC, PS4, Xbox One",FromSoftware,Bandai Namco Entertainment,$60,9.0,16,True,50-100 hours,https://www.youtube.com/watch?v=_zDZYrIUgKE,https://www.google.com/search?q=Dark+Souls+III&tbm=isch,"The final journey in the brutal and challenging Dark Souls series, where players face fearsome enemies and environments."
The Witcher 3: Wild Hunt - Blood and Wine,2016-05-31,Action RPG,"PC, PS4, Xbox One",CD Projekt Red,CD Projekt,Expansion; requires base game ($50 for the complete edition),10,18,False,20-30 hours (expansion alone),https://www.youtube.com/watch?v=ffdxS9R6NTE,https://www.google.com/search?q=The+Witcher+3:+Wild+Hunt+-+Blood+and+Wine&tbm=isch,"An expansion to The Witcher 3: Wild Hunt that takes Geralt to the land of Toussaint, a remote valley untouched by war, where he uncovers the dark secret behind a beast terrorizing the kingdom."
Doom,2016-05-13,First-Person Shooter,"PC, PS4, Xbox One, Switch",id Software,Bethesda Softworks,$60,9.0,18,True,11-15 hours,https://www.youtube.com/watch?v=KSZ4tSoumNk,https://www.google.com/search?q=Doom+2016&tbm=isch,"Relentless demons, impossibly destructive guns, and fast, fluid movement provide the foundation for intense, first-person combat."
Uncharted 4: A Thief's End,2016-05-10,Action-Adventure,PS4,Naughty Dog,Sony Interactive Entertainment,$60,10,16,True,15-20 hours,https://www.youtube.com/watch?v=hh5HV4iic1Y,https://www.google.com/search?q=Uncharted+4:+A+Thief%27s+End&tbm=isch,Nathan Drake embarks on a globe-trotting journey in pursuit of a historical conspiracy behind a fabled pirate treasure.
Final Fantasy XV,2016-11-29,Action RPG,"PC, PS4, Xbox One",Square Enix,Square Enix,$60,8.5,16,,28-60 hours,https://www.youtube.com/watch?v=eJ0M5jZBep8,https://www.google.com/search?q=Final+Fantasy+XV&tbm=isch,Join Prince Noctis and his closest friends on a grand journey to reclaim his kingdom from an invading empire.
Stardew Valley,2016-02-26,"Simulation, RPG","PC, PS4, Xbox One, Switch, Mobile",ConcernedApe,Chucklefish,$15,9.0,3,,50-150 hours,https://www.youtube.com/watch?v=ot7uXNQskhs,https://www.google.com/search?q=Stardew+Valley&tbm=isch,"Inherit a dilapidated farm, and turn it into a thriving home. Grow crops, raise animals, mine ores, and become part of the community."
Inside,2016-06-29,"Puzzle-Platformer, Adventure","PC, PS4, Xbox One, Switch",Playdead,Playdead,$20,9.5,12,False,3-4 hours,https://www.youtube.com/watch?v=op4G1--kb-g,https://www.google.com/search?q=Inside+game&tbm=isch,"A dark, narrative-driven platformer combining intense action with challenging puzzles. It has won several awards for its art direction and game design."
Titanfall 2,2016-10-28,First-Person Shooter,"PC, PS4, Xbox One",Respawn Entertainment,Electronic Arts,$20,9.0,16,True,6-8 hours (Campaign),https://www.youtube.com/watch?v=HwbutTQ8Yow,https://www.google.com/search?q=Titanfall+2&tbm=isch,Pilot and Titan unite as never before in a highly anticipated sequel featuring a critically acclaimed single-player campaign.
Battlefield 1,2016-10-21,First-Person Shooter,"PC, PS4, Xbox One",EA DICE,Electronic Arts,$60,9.0,18,True,"6-10 hours (Campaign), Endless (Multiplayer)",https://www.youtube.com/watch?v=c7nRTF2SowQ,https://www.google.com/search?q=Battlefield+1&tbm=isch,"Experience the dawn of all-out war in Battlefield 1. Discover a world at war through an adventure-filled campaign, or join in epic multiplayer battles with up to 64 players."
The Witcher 3: Wild Hunt,2015-05-19,Action RPG,"PC, PS4, Xbox One, Switch",CD Projekt Red,CD Projekt,$60,9.5,18,False,70-100 hours,https://www.youtube.com/watch?v=c0i88t0Kacs,https://www.google.com/search?q=The+Witcher+3:+Wild+Hunt&tbm=isch,"Geralt of Rivia sets out on a quest to find the child of prophecy in a vast open world rich with merchant cities, dangerous mountain passes, and forgotten caverns to explore."
Bloodborne,2015-03-24,Action RPG,PS4,FromSoftware,Sony Computer Entertainment,$60,9.5,18,False,40-60 hours,https://www.youtube.com/watch?v=G203e1HhixY,https://www.google.com/search?q=Bloodborne&tbm=isch,"Face your fears in this dangerous new world where danger, death, and madness lurk around every corner."
Fallout 4,2015-11-10,Action RPG,"PC, PS4, Xbox One",Bethesda Game Studios,Bethesda Softworks,$60,8.5,18,False,80-100 hours,https://www.youtube.com/watch?v=GE2BkLqMef4,https://www.google.com/search?q=Fallout+4&tbm=isch,"As the sole survivor of Vault 111, you enter a world destroyed by nuclear war. Every second is a fight for survival, and every choice is yours."
Metal Gear Solid V: The Phantom Pain,2015-09-01,"Action-Adventure, Stealth","PC, PS3, PS4, Xbox 360, Xbox One",Kojima Productions,Konami,$60,9.0,18,False,50-150 hours,https://www.youtube.com/watch?v=alxN1i1GagM,https://www.google.com/search?q=Metal+Gear+Solid+V:+The+Phantom+Pain&tbm=isch,"Snake, aka Big Boss, awakes from a nine year coma to lead a new mercenary group, Diamond Dogs, and pursue revenge on those who destroyed his forces and came close to killing him."
Rocket League,2015-07-07,"Sports, Racing","PC, PS4, Xbox One, Switch",Psyonix,Psyonix,$20,9.0,3,True,Endless,https://www.youtube.com/watch?v=Vawwy2eu5sA,https://www.google.com/search?q=Rocket+League&tbm=isch,Soccer meets driving in this physics-based multiplayer-focused sequel to Supersonic Acrobatic Rocket-Powered Battle-Cars! Choose a variety of high-flying vehicles equipped with huge rocket boosters to score amazing aerial goals and pull off incredible game-changing saves.
Undertale,2015-09-15,"Indie, RPG","PC, PS4, Xbox One, Switch, Vita",Toby Fox,Toby Fox,$10,9.5,10,False,6-20 hours,https://www.youtube.com/watch?v=1Hojv0m3TqA,https://www.google.com/search?q=Undertale&tbm=isch,"A unique RPG where you don't have to destroy anyone. In this game, you control a human who falls underground into the world of monsters. Now you must find your way out... or stay trapped forever."
Life is Strange,2015-01-30,Graphic Adventure,"PC, PS3, PS4, Xbox 360, Xbox One, iOS, Android",Dontnod Entertainment,Square Enix,$20 (Full Season),9.0,16,False,14-20 hours,https://www.youtube.com/watch?v=AURVxvIZrmU,https://www.google.com/search?q=Life+is+Strange&tbm=isch,"Follow the story of Max Caulfield, a photography senior who discovers she can rewind time while saving her best friend Chloe Price. The pair soon find themselves investigating the mysterious disappearance of fellow student Rachel Amber, uncovering a dark side to life in Arcadia Bay."
Cities: Skylines,2015-03-10,"Simulation, Strategy","PC, PS4, Xbox One, Switch",Colossal Order,Paradox Interactive,$30,9.0,3,False,Endless,https://www.youtube.com/watch?v=qIJCyGgsJyU,https://www.google.com/search?q=Cities:+Skylines&tbm=isch,A modern take on the classic city simulation. The game introduces new gameplay elements to realize the thrill and hardships of creating and maintaining a real city whilst expanding on some well-established tropes of the city building experience.
Ori and the Blind Forest,2015-03-11,"Platformer, Metroidvania","PC, Xbox One, Switch",Moon Studios,Microsoft Studios,$20,9.5,7,False,8-12 hours,https://www.youtube.com/watch?v=cklw-Yu3moE,https://www.google.com/search?q=Ori+and+the+Blind+Forest&tbm=isch,"A visually stunning action-platformer that tells the tale of a young orphan destined for heroics, through a visually stunning action-platformer crafted by Moon Studios."
Her Story,2015-06-24,"Interactive Movie, Detective","PC, iOS, Android",Sam Barlow,Sam Barlow,$6,9.0,12,False,2-5 hours,https://www.youtube.com/watch?v=naqER2QS8k8,https://www.google.com/search?q=Her+Story+game&tbm=isch,"A video game about a woman talking to the police. Players search through a database of video clips from fictional police interviews, and piece together the story of a woman whose husband disappeared."
Call of Duty Modern Warfare 3,2023-11-10,"First person shooter","PC,PS5,Xbox Series",Infinity Ward,Activision,$60,7.0,18,True,39 hours,https://youtu.be/mHDEDDrGYvo?si=Q7kwGEsbMWNPXshA,https://www.google.com/url?sa=i&url=https%3A%2F%2Fwww.callofduty.com%2Fmodernwarfare3&psig=AOvVaw1wbdXXWYRtK_IFWWILZNTe&ust=1710611068384000&source=images&cd=vfe&opi=89978449&ved=0CBEQjRxqFwoTCJCLi_7o9oQDFQAAAAAdAAAAABAD,"Modern Warfare III picks up immediately after the events of Modern Warfare II. Join Captain Price and Task Force 141 as they face off against the ultimate threat, ultranationalist Vladimir Makarov. Open Combat Missions: New Open Combat Missions redefine the traditional Campaign level."
Battlefield 2042,2021-10-6,"First person shooter","PC,PS5,Xbox Series",DICE,EA,$60,6.0,18,True,90 hours,https://youtu.be/FDuMEodqXi0?si=yfUGxVUizKAeit8M,https://www.google.com/url?sa=i&url=https%3A%2F%2Fen.wikipedia.org%2Fwiki%2FBattlefield_2042&psig=AOvVaw16owI72gXiFnEiOyA8a2nh&ust=1710780096905000&source=images&cd=vfe&opi=89978449&ved=0CBEQjRxqFwoTCJiRn-ze-4QDFQAAAAAdAAAAABAD,"Battlefield 2042 marks the return to the iconic all-out warfare of the franchise. Adapt and overcome dynamically-changing battlegrounds with the help of your squad and a cutting-edge arsenal. With support for 128 players, prepare for unprecedented scale on vast environments."
Halo Infinite,2021-12-8,"First person shooter","PS5,Xbox series",343 Industries,Xbox Game Studios,$50,7.0,16,True,28 hours,https://youtu.be/PyMlV5_HRWk?si=nFBrkHUmyMhi5DpE,data:image/jpeg;base64,/9j/4AAQSkZJRgABAQAAAQABAAD/2wCEAAoHCBYWFRgWFhYYGBgYGhwcHRwcHBwcGh0cGhoaGRwaGRocIS4lHB4rIRwcJjgmKy8xNTU1GiQ7QDs0Py40NTEBDAwMEA8QHhISHzQrJSs0NDQ2NDQ0NDQ0NDQ0NDQ0NDQ0NDQ0NDQ0NDQ0NDQ0NDQ0NDQ0NDQ0NDQ0NDQ0NDQ0NP/AABEIAKgBLAMBIgACEQEDEQH/xAAbAAACAwEBAQAAAAAAAAAAAAAEBQIDBgABB//EADsQAAIBAgQEAwYGAQMEAwEAAAECEQAhAwQSMQVBUWEicYEGE5GhsfAUMkLB0eHxUmKSFYKisgczciP/xAAZAQADAQEBAAAAAAAAAAAAAAAAAQIDBAX/xAAkEQACAgIDAAIDAAMAAAAAAAAAAQIREiEDMUEiUQQyYRNCgf/aAAwDAQACEQMRAD8A+Xe6r33dMvw9d+HrqxOfIWjCr33VMhl69GXoxDMW+6r33VMxlq9GXpYhmLPc13uaaDLVIZajEMhT7mvfc03GVr0ZWjEMhR7mvfcU3GVrny8R3pUGQmOAa8OFToZU9Ki2XIowHkJxhVIYVNPcV7+Gp4hkLkwak2XpouUsCPWrlywipaCxMmXtUhlqeZfJgzV3/T6VFWZ78NXoy1aD8DUhke1FBZnxlal+FrRDI1IZClQ7M2MrUhlD0rSLw/tVi5ClRVmaGUrxsrWnbI1Wcj2pUFma/DV34U1p04bU2yIFA6MsMoamMnWkHDieVXjhwCyaluilGzLfhe1STJGnrZE78qIXKCCLDpQx0Zs5TtVbYPatJ+A6/CppwwG8UNUJbMwuUJ8qn+A7VqTkQtUHLmp2ynSEfua73FMxg13uK9GjzrFwwK9GDTEYFSGBRQrFwwamMvTAYNTGDRQ7Fwy9ejApmuXqYy9KhisZepjLU0XL1MZepaAVDLVUmBLTy2pvmU0r3Nv5NRwMrItyvfn/ADRRQMuWvBEdKBxctc7elaPFUEFRuBO3a9LjgHpQkDYtGXr38NTRctVy5ShghXhYMVSGtJ8qaZvDIgDcz8o/mhDhAQDXJzyfRpEIyKTyFPzwcjDDReTPOBt9+dAcKQEWvyrX+792qviEAMRpXVGotAkxy2n0rmU3F2bpWjJNk+1cuU7VoWyvavRlK7EzOhEuUqxcp2p3+Fr0ZemFCcZTtUhk+1OVwe1enAPSpGkJfwVS/B9qYYWOmt0YRoC8xfUCbeQj41DH4ngIAfE0kgBRMxY3sBele6LS1bAlyBPavG4fF67g3EXOLiEh3DmVUDVpUE20+RAtWgGU1gMDYiQOcG9RKWLplxSatGebJdTavRk7Rf1rQ/gDyFerkwN6huzRJIzS5QEwBYVavDpvsOtabByinYT6V5+GAnb60ZMGkzMNlFB5t8q9TK9RNaB8gJt86pbLMP02qnJUQoNsUf8ATzyA8v5qD5Az+kdrVpkw9QtaqHyqzy+VRkUofZgvd177urdNSC16tnl0VDDr0YdXBamFpWGJSMOpjDqwJUwlS5FKJWEqa4dWqlWKlTkPEpzDoiqSHM/m0rIXlck+tSy+Ijzo1QIu8LNpMCdx05712PkA4YSylgRIJ5xymCLC1K8LI4iF8NSHRwAbwBzmCfzAxt3HOhy+hYP7DM7lDrIYqrCwUkT9d6vyemNLRYmD596lhZMIILKW62k7CI9K8YSAoifQf5p3Y4r77JY2BBBHiB6Dbsa4YYj7NWqhH6SJ3m4qYy62sR1j7tSstA3uQe9STCWNr/I9qKGXIuJI+dTRDNzSsdGS9qj/APUgEMzEjlGnSDebfmG170lxszruQIEag0wD0AnsfjTj2xziO6LJBwnnVc6oKkr2EqL9qUYy+8UlGCM25b8pg7tb5iuD8iOTtHRw8kYv5Id8AzeEmIisigOySw/SAZPO1bXi2dXF1Y4CnAwCiiTp1nWtlY2Hn/tHWa+b8ByuGWIx3QQweQXLwBGhQQJBJkyDsNqb+0vtxhDDGXwUICkFSCVhgZ1yLsbRPe0mdPKoU8e/TolOMkmtFXGuPYq4uZRHOj3lpOxnXAblA3pp7Ne2DjDjEVMZZgTKkR0aCaxGTzOq77kkmdhqMyfM3tvTRMRRAQaR93Pn0rdypGHZ9OyHEEx1LINJH5lJkjoZi4PWiQorAcNzzYbh0IJHKbEHcN2/rnFfQspjpioHQyD8QeanuK14uTLT7JlGujlWKtG3l9KmUPSvMzlteE6TBdGAjrFvnWrEjOcQdNLOUUlzKyLgCykneTv8Ky2NubR2786dZ/Ma1XuAfWL0vbDlieprSKozk7Yx9mcdUxUdrAGD5MIP1n0rYYeHh6tSO0Btg50czBU9orDYOCQPWtDwVWAPdp+QFZ8sb2jTilWmaF8Q32HX/NDq6xr3WJtegeL52E0SJ0kuZiFGw9bT2NJ8tmyijW2pXJgKQ0EQQYBgbiO4rGUqWkbxjvbHeX4uzT4Ao6D8x+NGNEyBbrf60nyWIHCGCv5tHPYgEHvJoxsYhMaTZQ5H/CZ+M/CsI8jUqZtKCxtAmDx7U7KqKVBsbzHM2+NNMbOYYgFiZvCgtbblsK+eZbO6D57HoR22IM07yHFRiAhgJF9zMGxO9xA+lXyKS34LjcZa9NKeJYYXmi9SP4JNZbHzfvGZ7wTYdALAfv60U2VVlESFaJ7arCIMbnflNL8xwrEkFbgifK5BHoQazhOL9LlxtdAoSprh0SUivQlexlZ41UUBKkEq4JVi4dJspIHGHUxhVfpr0JU2OitUqYSrFSqmxGZtGGJY7nkvcmkM8dyToS7Hfoo6mqsNFK6YIYT4hefMHajU4S6flJadyOu+3O/1rkyD3NxPmBTTQqYvOARyircMOtgx9LfEjerUwGBhrf8Ar8RMUQuEOZB8iD8xVWFFb3gHV6GD+9eKxG0jz5+dHBBvvUGjpU2OilXdrfE7Adyahju2hmUyFBvG5gmT2q0rMwAfjXmKSmDiWtoYnsdJgj4VLehnz3M5Z3IJIAVACSOf6jv9xWXfiGguq3T8qjrAOo9iZn1rV55m/DuB0XudOpdfppme1ZYZZXsuoEk6YG82O4vcb9jeudJNBF12AYGaYSqiGNpPzO1McTJKVLfkbTqNwwOnfeCrfEG21OuHcFVANnciCdwAIMKRtHXnUOLYehHAs7QOn5oXltPbv1qaS6KzvRnMDFd2hSVUesDqerH7tX0HhfC00YRvJWTcmTqaSe/elODw/DVWZV0xeBsfT+KaZTEMiG6bGKzmrKjK+jR5ngujCXEXYlgRztBt6fStJwLBKZdBsSC3/Ikj5EVVwGMTAfCctKvIaJjwgc/Jp86aIoACjYAAeQtS4V8mzRvRMAnnV2HgkXNdgsByq6Sa6GwSMHxTKacV15BiR5N4h9aqw8r2rSe0OW8aPG40nzFx9flQ2LggBGJgFJnyLA/Ja1UtIwcdsCTAketH4OZTDEMw1D9M3JOwoLL5nWSoDC5giJtcn4cq9w+HCGdnsTBnqSDz7GsuTkS0b8XE3s9DbuxEvJ2tAJnVz3iPI+dL87jgwnPuBveRbkCbeZ7UWU98WAOlEE7SIghVv50pzmal9gIgWi19h6k1ilv+m76/hpciQrAMbzqXppYiefOPpVPGM2FwcWGkshURsNQ0kEgWt1qnCCFC76XghCYdRpO0eI3mfjUOLoBhYkndLST+kGN/SuT/AHV/ZvXxZiVxLietGcMxymICI6EHmJvSrUS3arUJs3QzXpONqjgUsXaN3ls14cKI8Uzz/Sx8x+0d4qDcXxMElAFidV9xqvG9ZnLZkjTJMqIEdxR+JiajPhPKYHK1cj/HaejqXOmgrBxgV1qCwK6u9rMI7EAetGKtZriGJmMuS2qFZiQwt+m6mLCbH0BFMOCcRDqqFvGVkDyJJJPLnb1rphNwX2jlnFTddMbDDqapVDZ1RYhrTsOYsQK7KZ0NIaFM2vYj+a618laOZ3F0wsYdSXCrw5hRtfyql8UtY2H3vRgwyRHOYTkQgtF4Ik9qry74uGIVNI8pn1G9F4OGo2a55XHxJ/ajMFOZxEvtJHLuYp9IOxW+fxP9y+QK1Zh5hwZDz6/TlR2KykFTiKp2kEjny61Rh5MtdXVu/P1qbXo6ZR+KYk6kU/D6gTXquD+hR5f5o7CyBBnV/wCI/erhgsDsh9IP0qXJeFKLA1cda54J1E+kR9bU2CcqqxcmDcWPy+FSpIrEHwcwiiNInvt8FFZj27z40Ii+BQxxHgxISyqR/pPiPmgrR8TK4GGzt4ogKIF2JgD75A18o9qeLh1fUW1sCoXSQFC6haBAB1H5UNpi30X53GOhdI1eNS1yCFFyRpIJItalmTxAEVzAJUD8sQNIkL0HP1pJkcy5hWZtIBItNlF4PKAKJz+dkLdoCqATP5QLVzStLQ8fDVcM4mFABkQQSZ76v2X4VnuNZ8yLSxYMB3BBuOdUZHNAgib+fzonI4IfE1G4X6/cfGoSbavwWkNcu7MvikSNred6IyD3BpfxLFhNKg6mtzsOZnpy9aV8FRlxV1GxIiDaSRy8pofVjgj697MZxkb3RUkuZBF+Q36ARWxXCrKey2OrYuLAkqFCkXAUzqM8iTAjovnWrZyBvVcMdOX2aya6+iapVuHQoxKW+0PEzhYYCmHcwDzAEam+g9a0aC0kQ43xxBqw0u6n8x/KCNwOp3HnWaxXdwqydCzN5gEmf/Y0EXG5Mm1X5LPlZaQB3HmNvWh3Wgji3s0mVyGHhorXM7GTIJmDaLb86D41mAFVEJUustHNpZWPYkAWigcXMtpAM8jPLe38W60pbMnWWN7/ALzvy3rKMZSds2lKMaSHWG7YWGWJBkWPMGLefn3rNYWLLmbi5+Uii85mnxYUbTzNDpglZG55/wBVtGFXfbMp8idJdIavxCcHQIFxHWZMz6Ab17msYujLcCAIO9utC5bAAMCfUffWrncKQD+ttPS8Mf2+dJcMU7B80mqF2BkzGwuf5orC4csQaYrhCLUPnMdUUnmMTDU9tTKfoa1MSeBwxJ8u9B5HABSZN2b/AN2o7EzQUOSbIJbsIJ/akPCeIKmEo1G5Y22/O21AGm41ir7l9aSpXdRqf/ay9DM+g6Csfk8VsN0JBGmD3hhqHkCI+PpTLIcdJy2KgChgzm8KArElh4gwN7gGRJg2MgXPZRjhYeMVUKR7tihDLzZGtIuLeaEW2rm4k1cZG3JJSalE1zoGQMpvzYjwsDznrH05UrfBgmeZi4iPuKn7PZ8OhR2h15nYqZF7773ovN5XTeLSQCOgEj5EfA1p+PyOEnxy/wCC/IgpRU4lGXx2QadMiZ7jl8K4ZxtXMevrXj9jeP7qpRblNh15xXcpHDTDcTF5jrUlzSyZ+7es0M14XYx9P81DREc/vanaEM8tjIxgRenGWwIExvFZg4QF7g35/TpRuBxF1KkktBvPPsT0qJRvouMsexlhu62DNA3GqL+u1XPmgiE6CDEyYF/TfegkxBiMYhdV+t+lVcWQqirqmTsCeV/rFS4p9lKXo+y4JUMxWCAdjNROLcwCQOm09+lKsliYqsyrMgKSLHdbb0XiZh2EPq/4wPlUYbLU9GN9ueIscVEuEVRYf6yGYkkf7Su/evnnGMdSgBN2LQw2IkDaTtfzjlTv2+4qVzDoBafK+hVBP/lWVzuplRiulVTwmbmALnzIJrJ1scbbs1X/AMc4YxMdFUWwpZ2K/pggLzBBLRHMTS/204EuWx2AE4by6RYJqa6gc9J+UV9O9mOFrlcBBhppLKrOZlmfSLknpyAEdqx3/wAi5tsTEKEEjDRY5nU+pm+WinjUR5Wz51iPBt8ttuVO/Z3EhWJsC2/kBQuT4QzDW8gHZdie56CuxuG4iiFOpbmBYyfrYCs68G6eh1mRrFiR0jft8q7KYDWP5jPMWt9/Ok3D889lI1cgbg25Gvovs57J4mOqYmJpTDXEUFAfGxJAUdIlhPn2rGSplRjRrfZLJe7wQWs2J4zPSPCPKL/9xptn8yUw3bmqkjzAtQWYxQu/Lt9KScb4jpQqJ1NEdhIkmu2PHUUkZPkGvGuL+5dLap1sVBAmFgSeQk9OVI3zD53GUMVQBSFABMSZueZ/ilZ1u5LS0rdjJuTzPSmHCs0io8qCwJgxeA2Hz8tfxNS1XQlJt76LOKcEXAwxiMxclo07C5cTG/6QfWhTiINbJAhgAnKPECQewA/5dr1ZzNtiIASTo26QGYjz/MfjQiPDncW+ZBk/GkkylJLoNxs2XgCwj43/AJofDQEkVygCP90x6/5q7helxK7GR8DH7UUlobk5dluDlgLHlRSqoKgx4yQLiZALeu1FqRAEcqT8azWjFy3IB2JvyiD4edjQ2CQ1xEVd4kkAeZMCk3FsUQm3gzKJ/wCOqT8TUc9xFNYaZXVgMLXjxuaSZvO69YiQ2M2ID2gqB8Io8A3DuFVmJsoJJ8t6yOfziuuMytOrGw9Pkq77XB0mhf8Aq2KVxEm7wbKBvZtuoB+tA4aGI5Bp+VKwGGd4gzpj3IDlAADaL2mOYpOBIBJg9LdTVmbxYS150z02/VVCY4E/muSfj60XYBC3wIYwoPIAaiZN23t03vW1yGV99lHJxRtqiJ8SCfEoUEbKOe1pr57hEQokRI7R3N962Xs5xF3AQNspBBO6i4I62tWfKnVoPx2rpg3BcQTezqdpvBjaDcWBj+q2OH4sMgzpM2IPgM3jsNx1E1j8NkxFc6CGGIwQqCSAseFhvG94POmeR4qUixJKgNIO4iDcee9RPbyXZ0waSxfQfEKSYjmelA4eaZpOnwyp8rgeotV2Ho0sswGEbiBsQPTb0rveIBGpQezD7FdankjkcadBOG2twQPCAN95ZFLD0aRR2JgKAp0sdR8RUWAsAZPOZB8qWcPzBcMVBYTfTMj4bb+VEYueCCHJZSACDMkbwPI0ZPxjwVDrD4akBtUjULbSPeBYPO6/WiMvl8q/gOkOdoa8Ta0353/islmOPsXKqSBr0gG8QrEm241CfSgcszQDMmAbGSLSKSbfonS8NVmcg+GTYldTAMtz4bzA2tQeYzWqNZJjsAQevfyt5ip5L2j0+FySDPxIAo3iWdw3RyoEsd4ubAj6/OtIyfTRDivGLsDOMhJBEkABvELAWET996JTijn9R36kUjfPaWAkQAx63lbee9eYGcmNpOq/lH7MPhVuvUZpvxif249nmzDe9wRqcnxAsBIgARNpnVuRvSbDyKYmNg4OMzYeGSuExXTPhTSIJkDxaQTB3rWYuYGkspB25wLmJPaTWDz2eLj3q7pia7j9RbD0g9t/hWPKoro24pSZ9sPFcFR+QQvMgAQOZvXzLj+aTFzLYioCWZoYbaCumD1ECsln+KZjG/PiEg/pDAL5FRA+NXZDiYQaWBZh0iI/3EnlWcpJ9FYySGeOuIT4Sg5+Kb+SgSfjVb5xtehUuACe0ib9KSZnOFnLAwwHhPKPXYjr2qKcRdVKqQJ/M1yxPXUedQ0ior7NNkMRTiHUialJBMC/cn97cq+nez2YD4TQxUakcaNiQZExyOkSK+H8OgmSSfvkBW+9nkKrEEKYJBdrx/tHnzrm5FRtFm7zf5m7R8DMfSstxl7zzED6mtDlMVUQO8FSAm2zIDb1WKQe0ZUicO8AknqLSR5Cu3h5VJJHNPirZV7P5pdcP+rwk+dwY8xHrTscLw2LKCEJEld9PMEdVNp+4xGDinVqWB277/D+6eZbijAK3NNid4M2bqJt/ip5YSu4mnFKNYyGOFklAKQVYEh1NwDuNJ796DbK6XZiRERB6jV9Zq7M8UYkupgsIIjlzG14PynrS3M4ur80aud/gfL+aUMn2OagugHO5si4/Qnz03+FG+y7/wD89MzB/ulfE8IhHPKPuahwolRKtEqJ+Q/aqlpozSNoX6mst7RZucVBOwPXn6xy+7Ub78lYY+RrNZrFjG8j0/u9D6GTdSQZO0eUgEAXoj3Eg3iG+UzS7PvErI3vG0ARRgcFQywGYCw6xFDvQFmpVBgxIgnnG1Ao8I0Xuwv0jv8Ad6MxcOJDEBgZ9DIEUA+GAD11EnbnNCEVZ9zAPUDeq1YwPL75UBjPLGT6xFTw8S3P5fzQNIsJBid55dZtTrJY7oh0G2k3nbTuANwb7i96TpJvI3E7Dbv50wDD3TmdiAINh1Gmb870pfREF6NvZZUcsHO8nVexFzJiCIJp3xXJDCRnVSSwIiCYIEgjmLHbt61lfZvMlcVVJEGx6bTJ9Kd8b4swwNDqZeyMGtAK+IwekgT0G81zSUlJUdfE4/49+DPCGG6KxAR4MztOwkAxE0LjcO1EBWKNYREhrwbzygmlOEjsA+oQAAQGm8A0SmdKspmdLExHKAY/j/8ARqla6ZTSfaL8hmmy3vA5EsgZYMg/mA+cj0o7NuMfB96DDCA4uZPJo++dKONqHVSJkBhtvJDCI7n59qD4LxDSwEi8yCbE6WAnt4oqu1muyJaeL6Odihk2gj/1NMsuwgkkRa+/IC0b7fOgPaDZDPiMyLi3cRB3O/aqxmzoSAB+W1tpv9xVZXtGLji6HL59ArSAdMAE7zJ5daJy2dTEWNTAjuO07jb+KQYOLqdw8EEiJI5DepHFw1Ox7kREefM9gKak/tiaGeP7tZZXbfabXtzqrLMdZJEptsD0iPh6UjTOMX8C2B3I5bAdP803OZdhKAAgb3N+hHWrc5LtkKKfhb7zVl8cqCzhXhSZsL8rk+IWm8fHD51CgOEoZi8Mf1EaGZBsNv6rWYrlVkAJAZiIDFo3IFoO1t+xoLgGOFxMUsV8SQAwA2MgKLHVLMaHLIuPxRn8jwF3u3gXvv8ACoZHCXW6tEAgQdrSDvT/AIxxA4KAL+dpjta79zJEf1WWwAVIbvB7zO9Zu2mOLb7JZxQHcALEWiIFhtVCYBJA60ZiLqkgRMbbWIPptVpwvEhHOAfWhXWhydBXDcuqkRvN25/0K23CxYXrJ5BL1ruF4ZgaY9bfOuRyyCOxtmcyUQLG8sDz3Qbc+fxjzStmo1zsLr/xFj13+lHodeKiEeFka55aSDt/jeqOD5AYuuGI0ssW6qDt0mfhXV+OniLlaspz3C090Mzg2Syus3R99j+kiD5z2oJUEFS63nSQW3J2IjpedvnRmLwt9GO06gqmFixJLIG8wLz3NM8tlMDEyCuojGQ6LEyXLCC0neCDI2ium7MuhVhElYaAdw2oQT2O3Wp6zzEgdbMIswPX51PD4QG90C6g46M1yZV8OGkwNiCwtbbpUs1gHDOhmRwwYiCfCygarkSJF+xXuZOirEvHMUFAoJ8TTHYf3HwoVMfQgPVbeen+qFzeOzuZi0AbfOrcz+UATAt/n0NZy20MZPmrBe4A6xBpHmMTxk7ib/vVuMTY33H0oPE3kU60NMlnn1MTy5UVlnJ08oA+l70E6yu3Op4LECY9b86PBDfHddJaBMQLz5UJilSxgAAL3InnM86g1xVat+YHYjkJ+u9JILFjL4jHXfl86joPQfKrnHL9q73femOy5FkRsfTz/arExCwuJWOQjbyqpMQSOn32q1sM25SG32ttNt5j41nJoUYuizhT6HLWgBvoY8r0XxrG14eGdRtFhPT4W25b0pRypjpJPr1++dG5vFLYaIu5MHoen33qX+yZrH9WgrhzwhbkTHQWCnqed/nTLHw9RBBhrTGxj6G9Icm7KvY3I8pBHyn1og5lZLKxU2AtM7QCKzl+1o2i/jTCuJZpwCLQA0AbjnJH70pw8YahAiAPj/mrMxmBpYn8xkdrj60AJnsQD6d/vnWkejOfY24rndSoCSY/TNomZI2PSK8y2KFVIIAJg2k/1t86WZvGYwOVviOdSwcWNAiNLzPnTrRDdyH+EU3aQRzuOXa5PerHTCJ1A33v163P7UrKtNipBmbXnly/eopjnSVYXNj5gE25dKmm9pjf9Q+XPYeGAJZeU6oknrb5C1VY/FkQwBrjeGeBO0nUBJ8jSRck7oJQyBG0c+fXc3rxsviEEidA2JIggWFVGC9ZLbGWY4t4g6qAyoNhH5iOZkk9z6VRmMXQiug1OxUCRMsQNXmIH1oRsLuo8Kg3EzYx2/qrs5mFVMJwYGuB5FCNuUGKbpLRLtvYkzeYLuWYyQIHkP7k+tRQiKjm8HSSRdSbetVYZBInb75il2tFpDjh2SfFcJhgsx+QG7HoBV2fy5w3KH8yYmg+atp+tPOGYv4fAXRZscKxe86Nwo+N4677Uq4hhscbEZjq0uGLf6jCtv5n5Uk8dsmbT0T4ejFyJAABPnHIGd613CeXx+AmsnkD4omJ/ethwlLhRBkEDzIIHpJrnaT2hxIZ9imHrUwWZk7wFlvTxD51Rw3PLgq0QSYJ72ruMODhJ/3H9vvypTlsDWwP0/Yc66YfrZMv2NHlM+HWCYLAhhEzeasJAwmVAL3EdR071mMbE0QBMz+oGfhJpnwriMMOg5VTf0C3onis8q22hdCgACAdxEzJ60sz2YIItEAiCb3EE9q12dyCuhdDdRq7xWFz6MjkPczuLj13+FJW3bBrHopUrChlO/KJJi/7VDEII59584A+FXYqG0meYv1qpV6keVWqWxWSQEqRz3oV0PxNEI5B3++lFJh2nYDc/sJpN0IVDDjee391flkLyBsL9qKTCRzdTa8cj5mjUy50+Egf3vCi0VLkkNKxc+AQLt5Ac/5qP4UmwB2kkzanWXy8XAB5FjNr8p5VamICGAAIubmdpuZsLD60v8g8TNYmV/zUPw/nTTFRSfFz2A/g12jsR2t/NaJk0JNaiZ5gVbiY1oBiR+338KUPimd6tXF2He57VzSi2bRdBQAknqJ+c/xXuv8Ab5GfrQzYlRD2++tFNlWkGe8EHl5W3+k14mILj19RtQmuBUMPEv6/2aKHkHHA1QOUXPrO1SfBAkzvYDsY+dUnGJvtFeO9hG8/4+lK30PRb7kMwk/czf0irMDAAIJuRcX3JHin75VR70qPMH51Fccj79aTlJi0mOMNBy5j51UmTcmJgSxnoYEHy/uh1zJHy+f2fjViZtiBf/AtSykuh1Fj5FueflHUCe3lSzjOSdl1bggFUFoJMcrTG5/3D0gmcAj6/CfU/tRX406SO23M3sJ5XFRHkknoHGLQjzw0YrixI77EjwxHP6GleZzEx1EyPUVcq6mLNYyZa826j7maFxEuQYB68o5V1p+MxpWXjMQoAjxWuJAGxP7eho3hnDfeNOk6AQS2wCmY9TFgP8p9H+4HymfpW79kMwuhsN4keJCQPzEaWY/6mA0xPLyqJywjaKjG3QFjZQpKjUZOrTy5wO0mfRaFzmZVUUk2gQB1I/z8K2C5VA2oEmRqYmJ2m3Q9+9YX2mwmXG0R4ZBUx+aY28iSIrOHKuR4hPixplmQ4kuoWO/OAPjX0L2dviKB0P0gV8ny864i+0bGtlwfiT4DoHkBdjvGx8QH5l8r9OlXyQpUgj2O+IZRgqoPFbVJ5Bjt9PiaCw0CwYvHl9dq1rMcQ62ULqhotA3MDt+xoHFyStzgwI/v41C54qNMJccm9GPzuMC0z8yaqwswVYkCxrQYns8O8Ei/QRebb0NicI0QInzt9P4rWPPxvSZD45R2EcN4sYK3AijkyWHipBUazef75UibBAtBHr+1UvxE4TQCST32++9Vkn0Cv0tx+GnDxFXEdUVjuTNu0bGrsxlcOR7tVKiQWcsWZuZEQAvLzB86z+Z4ji4rDUpZpMQI3/qr8tlnYj3jWEkKNvWKTYUgtMuFaTBJ2RTrM8pgCKvxcG3jt8fCO561FMFcMa2ME7AWVR6Xn+aL4dnUQjWZDCCYBAJtpIPKpbb2gpASMoWFWe55/tHzq1MNyRux/wBItAm+o7KJO5qXFcZcPEGgKUkHfcd/hHp8XByq42CHw9CHcwIUwuwCD81hYDde9EnSTfpUYtujxeFPADFFECEW2/IsR4ue37Uqx8gRJiII7c7if5ojEfEQBMQb+INMk8pF9p61WrucTwzLQBBIJ3Jgg2IgHaPKkrXbKlFPoG/DsHsNR3noTv6VHGy5Bgtf/wDJPz1U1y+HjFjIIE89Nid4I3mATz+lW4+QJYnW/wAqT5aGuFtHyk4lc2K3l5V1dXTSMiS4hjyqwPFdXVEkrGSdrffauQix57V1dUDJlqkcW4+966uqRkziV5r3611dSpAyWqrEefhXV1T4Iuw7mTYA/v8Af2aIw3nnv/iva6oaKRRmMENqix7fGD86RYm9dXVtAlnqtcU/4VjeNYNxf5TXV1PkSxZUex+mZIH3y/wKB4jmNcIFLH8y9igmZJtNxXV1cnFBZoqcnixXg4uJ4lKEtcEgLFxO83sa0nA8FxpxdfiS5ESSpiQZNdXVvPpmcPDSNnyQfvtS5876EH0rq6vPkkdSCMtxPwS/L12G9FHNowNtpP3Arq6suuiyvFyeG3PtP1P31pJmeAETBB+vnPM/zXtdWnFzT+yeSCoEw+GsNlAPczyvPxFF4OVVbk7b9/6rq6utTbZgooY/jFdThtpZCVBUiLaQ0iAIe8zzI60hzXCkAJTFZ1A2gB53mCTI3kWNdXV0cboh7LuHHCcW1Fk/1FXU9mEDw853qrJYEyEUq+okNqsoUjTH/dBntFdXVU9XQR8HT4b4i6MRg2mwJAkdZ5RN7Rt6VMsiKAWUxFu42Pn3FeV1cttnXFJAuPxlQIuJmImT+9A/9Tc3DQOmkn5xXV1dEONUc85uz//Z,"Halo is set in the twenty-sixth century, with the player assuming the role of the Master Chief, a cybernetically enhanced supersoldier. The Chief is accompanied by Cortana, an artificial intelligence. Players battle aliens as they attempt to uncover the secrets of the eponymous Halo, a ring-shaped artificial world."
EA FC 24,2023-9-22,"Sports","PS5,Xbox series",EA,EA,$70,6.0,3,True,18 hours,https://youtu.be/XhP3Xh4LMA8?si=KdY0i0gd82GDZOdj,data:image/jpeg;base64,/9j/4AAQSkZJRgABAQAAAQABAAD/2wCEAAoHCBUVFRgVFhYZGRgYGBgaHBgcGBoZGBgYGBgZGhkYGBgcIS4lHB4rHxgYJjgmKy8xNTU1GiQ7QDs0Py40NTEBDAwMEA8QHhISHjQkJCs0NDQ0MTQ0NDQ0NDQ0NDQ0NDQxNDQ0NDE0NDQ0NDQ0NDQ0NDQ0NDQ0MTE0NDQ0NDQ0NP/AABEIAKgBLAMBIgACEQEDEQH/xAAbAAABBQEBAAAAAAAAAAAAAAADAAECBAUGB//EADwQAAIBAgQEBAMHAgUEAwAAAAECAAMRBBIhMQVBUWEicYGREzKhBkJSscHR8BRiFXKS4fEjU4LCJIOi/8QAGQEAAwEBAQAAAAAAAAAAAAAAAAECAwQF/8QAJREAAgIDAAIBBAMBAAAAAAAAAAECEQMSITFBUQQTImFxgZEy/9oADAMBAAIRAxEAPwDj6fEXHO/nLlLi4Ojp6j9pk2itNnCLM1Jo6akab7W/WHShl2PpOUQkbSymOqD75mbxv0y1Ne0dXThBOYTitQW1B9JoYbi/JxbvIcJItTizZjgStSxgMtU2DSbaHxiyiCamOUlVwRPyuw+szMRhcQmuckdZUXfsUuGiqmEUTLpVa672b+doT/EWHzJaX0i0aix7SinERbaTTiKHqI1YuFo05ApAtxNNl1P09TKmJqF9c/iH3beA9j+8tNkuiyzk6IL/ANx29Osq5ip8fi6P90diOULRxito2jfh5eh5y1nU6HX+0bespEg1F+d/LaO9O+h9hB/07IbobjmnTyl/BMG1t8oLFedlFz+UbdIFG3RRAdND8vXmPOFe5Riu+U213IGkHwyi9aoXbQcxvmB5G/OazcMKG66A7jpJUm42VolJI5/hmJNQlH1PJvlH15zUpIynKdR1Ew3okVGBuSDoOR1vaei4PB0npq71AMwvkUAkdjBS4OUKZz5QDcgfnLFKldb6AbXY5T6XlzEJQoozvqLWA0Jv2F+k57jXGBUSwOUNsCLnKDobX0vbSX6sk7DA4XKgdibXt2950NNqahcoBuOt55Xw7jTrR+CzkgEEDkLH8p0PC+IkDMx2mbi2WmkdviqgK2HbXYD1nMY/GZGIzDTobzIx3H2a4B0mVi8ahQEOc99Vy6Beua+/a0cY0Dfwa9bineRPH2ChRlBU3zDRveclUxR6wRxBl6oi2dK/FGZixa5O5l3D8XIG85BaxlhK/eVoQ5HRYriVxvMTE4m8rVMRKz1Lx60TsO9SBzyLtA/EiKTKhomQKTWw2Hzg6bDqAT5A7yD4FgTm0PQ6GQMyisVpcqYe3K0BkMBgo4cyZWNlgAVcQLWy+0sJiDayuR21EphIejTT7xYeklpFJsupiq6HR83Y2Mt0+O1L2ZAR2lCnTQn5sw6E5TLqmjbKrlT/AHDMPrMnr8Fq/kMnGUv46bL3B/SalPFUXFsynsdPzmU9Nf8AuIfNRBhCBdUW3NgLnzy3ipPwDk15LuKw9EC5OXyv+UCnDr630OwGpPrCYV9PCoPU31PoYVMOyHMv/TXmGIK25kDlGm0S6ZXfhrL8mv8AZ+xk8PhlY5blW/ARr7xsfx8Joi6eWp7kky9wiqmKp5mADqbHLe46E32lRnbBw9jHhIIsfYbj1ghgHQ/iXtuPObWGoOuh8Q685p0aBbQKT2Al2xUjEwuHva3sN/WD4pWVD/T0xd3sHYanfSmtvS5mhx/EDCUs4K53uqKDfKebHyH5zlfs8ju4qgtoxIezHxDndQTvIbcnqi1UY7M7vh3D2poFKEBRdjbXfUzSepQQMFGZwBlNs+Yn6CYVKo2UZ6jFfw31ubZuZG8rYrjtOl8pAO29zNlhk/PDB5l66VOO4UB3Z9NAxsNfmW4XvqRKvDeM5afiXxAFdSbgg/Nbrpz6GV+K8a+Ing+Yggmw01BFvIic8juoYl2JbTc+bfoPWZQVWmdGSakk0dT/AFT4pKqZUzZkOa6JbMyoFBYqAS2VQBuWnDYjFEMQBlsxFrk212uSZq4DiVWixam5QkAEi2oBBG/cA+kAmGRjmKgkm5Pc6madZlYX7PVGDh2AYKb2YXU+Y5ibuJ4hYWGl+Q2mbTAUaStiKktJIhtssmveCZ5VDyRqSbKHd5BXkGaBDRpksurUhVqSgrwyNLTJZZLQbNGzSDvHZNEXeVnqayTtAWktlo77gvB6NWmGStkqagq6kKO4cfrM3inB6tJ7Wz6XDLZwVHO4vp5yC4vImVZSpY51YMrsjDZlJB9xM2ulxfAbkkMW0HTYeQEGwQ2t08rGazcfZz/16dOrpbMVyP8A60sSfO8engsLWvkZ6LDWzWqJ6MoDD2MAaRjYjC20G97QD0CJuHgVYpelkqgH7jZnFutM2ce0zGqMCQwN9bi1rHytp5QEZ7aSSOf4Ieoq6jnK9oDsnftLWHbla/Y7StTl6iqnSGqE5BBhwTdd+nKXKIYdR/OUhSpEd/zmrgqGchQPfl1PYRNJENgMPgHdvADm6jT1J2tI/aHhVNKZrO7vUUZVCtlQEgkkjdtARy3Gk6JQEUIm3M/iPXy6CNW4b/UIUa9jbXoQbg+8xl3+Ai3d3w8xa19L2sNes0/s9WyYhCtyzuEIJsmVtNhzBmjxr7OHDUEL2L53UlTcFN1NuU5U1GQ5gSCpuLDpqDflraRH/qkdaknC0e0IFUHOSG5IOYtfU7iYmP4+lIMcw0B0BNrgbE89pw9D7RYh8wdywZTewAsfMCY9VatQhQGOYm1gSWI1OVRqx/htO1RUVb6zialJ02dd9ns2PqGrXJNKmfl/Ex8QQdhufQTUxf2iprnUH5DoOVr6/wAEimBGEwy0kJuAWdjuXfVr9gNPQTiVTO4F9CTc9pzwy6zujpnBSxpF/E/aB6nhDWA6aFtd4OmvNt+n7ySYdE+Vf1kajzolNyds5opJUhO8jUOw6D6nU/oPSMgu2u258hqfyitc3POQzRDoksILQSiSLxoGTqVZUd4qjwDNBsEELyAeQJiEQwuaQMQMkiKRdnt2CkttoeQtfTe/aADZpNKkr3hKdUre1tRbVQbdxfY9xHsKgj1oyPmIFwLm1ybAeZ5CArVyxLMbkm5P+0H8QQ2GolzEIqgWcM1yCADYW2IbZge0q3Mh8SQzyXIdG9UqgyuTKxeOHjEWM8ucPq5W3maHk0qWghM2cWovmG/aRoccqIpQ5XQm5SoocXOpIJ1U9wRKIxFxaAfWDGmW8XWp1WLKi0yfuqSVvzIzG48pSfDsL2BIGp02HWDKw1KodjGhMgglyj9f5tIhAZIJaBLZq4RvX85vBwi5VGv3j3/D5D8/SYHDGIu5+5a3+c3y+1ifQTY4G7VCV5KdT2P6zGUrdGM50aGCQubcuvSbYxARMi2A5n9zA3Ciy7Tk/tpxXInw0dFNgzC/iN9tI8cd5d8EqcpOkWOL8VDBgQpHRwzD/Su84ypVUnLkuSb/ACFVv/lGp8tJUXjRtfRjzDE2PnYiV6+NqVflAW+nhBF9LZQb3/e87G8arVFpTqm+F9uKCirIFUsbaC1hbk2/sDeaP2IqA4ykzkCwfL01RhYW0HOZWI4alIBXYs9sxVR4gLXI7b/Sa32TpZvjVSmQCi6Uyb/M4IzhjuQAR/5RST62XFriR12Foo+FZqniGaqSbm5AZreIHacLh8MrvlXwk6DU6c+c67DYgDCrR5th3qed8xt7ETlOFHxoT1v+05WlZu2yDtAs0nV3PmZFUJ25dwPz32lmKHTRSeuntYn/ANfeK8VTSw6D67n66ekZ2Xlf1t+kCx80ZmkC8G7x2AzmDJiZ4K8Qwgk1gLyQeKwoPmg3aDzyDPCxkmeDapBs0iTCwHd4wMbIekdUaxsbX31384hiDRZ5EDvJWXrEBdBko0kBLJGvEGksveDgAVXkw8AI94AWAZIGV1aGpVWUhlNiL2PMXFv1gIKrwnxJWUX5y/w7COxzAXA27ty36byZSpGc7rhoJTY5KK73u3+drXv2AAHoZ1eEQUgqIP8AMep53lHg+CFJc7lVdr2uRsN7dT5doDiP2iRARTIvzY/+o/Uzmk+mEcWTK6ql8nQYrFU6aku4XwlstxnIA5D9Z5BxZ2xNc5FN2NlW5PuT9TNLEpVxNQsgIDgBnOg03N+c6nhOBpUEsmrH5mO7Hz/SXHbydLcMK1TtnH4j7IVES6uGa2qWsL8wGvJcFQU8ofNnzElMpsts1rk/3AbTuXUNJPwwVALAZlvbQeIEfLfztOrBJKX5HNPK3zyclR4c7KT96oM1ueRtVzudl5kc7W6zYwmEqDC1MQVyB8gTMDnFKnn1sNFzMVNgBpNduFPXU0xdEYgVKttco0KIObkXF9lBPYFvtnUWnQSihyqoyBL3JQLlJPYaazXPNeEa4ItraX9HH4THsXuTotN1A6AUyoH5SPCl8adiLDqRqB72mPh6h17zTwlTJZvwgn1sbfW0476dDBvUJ1P5AflI0jc8tBfXouttOu3rAs0krWW/U29BqfrllmcSSqzGwBJ1OgJPsO5ksTh2QgNYNa5W9yvZuh7SSVSFuNLnW2/vK1ZbHe99b9b/AKzOEnbTN5xVWjR4Vw41vClmcmwUkqiqBdndhrbYADUkweOwGRGJdCykAhM1rEEjRieh1vCYPF06eGxAYBnfIgRiQCt7k+EgkdRfp1mW9dXfOEWn4AhQZjbIoUMCethzMTm1KhqEdf2BLRs0cxEmbmQipMWQyOc9ZFz6xV7CyZW25kCy+chcSJeHBjsw5LHFQ9AIMmMzQtB0K7k7n2kNepkSZHNC18BTJXHSNnkC0UWzHRrqnaSFoNWPWS+IesokkbQVoUVPL2iz9hACKreOUMVx0jFh0PvACSgj1jiQzDqYSnTLbX9orQmyxh6VyLG/Xll9efpLmE4K9Wqxd8qLcKoGwvyH/MLgOHNzO9haw6i2p2850lLDullyi7GwtbUg2tptr1mM3ZzTzSjyP+lKlwFEy3d2CkkLfKovv7zoMPhKRpMEo084By+BbnTTU85XaiwABGrC4lPH4lsOmUZs7fLpqOrAdvzmcYnNPLkfltl2hwtAhesxXTYGwU8gNPE3aZQqZSLgkn+XioVHfxVHZrfiJNveNi9Rcakaeh315CbtavrFDqssJiVJ0+s3uFU+c5ejUVQNMzb88o8hz9fadFweozWvtcSHIaa2OkyqoAHL+GcV9pq2Fq1Pg/GQVB4cmdcxY/dte99tJr4nFPWaqiOURGZMwtmdxYvlJ+VRfLfckHa2vkXHOEpSqZlqa5w1iWLfNctnO5vrrHuro9hQetl7E8PFNrAcvrA1Gl/jVcNUbKQRpYjYggG/1mU5lpJHG5NyYzNHqtra/wAot67n6kj0kU3vyGvty9TYesCzSrNUixTqAaHYxO4VfEt7EEWNrjmL8pWLw1fCf/HFYEm1RqbDkPCrKw9yPaYZfx/I2h3hDH4umFORG83YMNRbQACxBN7m+0hw8qzDo5Cm3IsQAfe0rU1uDzljAU1Vw4tcG9tv13EweR+/JqooZyQSOYNvaDZpKsTck9T+cE57zsTbVmAmaRJkSdI1+sAJM0iTGD9BIt7QAl8SM7SLm8dHIgDHUfwx3UiRJvvE20BpMdBfmBIRCNeIZrM0bPERIzQgnmks0EY8BE80nTW8CGlkCRJ0FFhUTzM0cKpG2xmWglulWK6TOzHInXDSXFa25XlunilU6nlp5/y8581SIy1mJFt4UjJ4nJHSpxAAk53GhOrGw03sB+szm4k71A5ZuYFySQDy+v5yvXzABd9fERrr08hJ001F7E+Qt9N5UYqKu7IWCvbOg/rHC6tbfUgEnNe+/XM3uZXxWMNQ5eXPYX1vtKTuxN2P7QqOBtv1kSkLItY9LOGS57TfwbhbWnO4euAZq4bEDQCZu2cWzsPQf4RrXHgZ3qA8rP4mB7583uJwFbFI7uG8SM1iD05EGd67jI6nUOLH100/P0nlnFcI1GoUJO+h/EvIiKMXZ7f0v1cZQ1flFusQCQNhoPIbSuzQFCsAQo1vv11IH88oWqpU2P8AyOs7HGkmZ0lIkTZf8xt6LqfqV/0wbaSxSwlSq4p00LsBaw7fMSToBcnWDxuHyOfC4UHKcw2cDxLcd5G6T19myi6srjznR8Jwy1sFUp/eFUkEa5bqmpHfKR3nMMwnXfZZkXC1A7KrPUbKGdU8CoodrnU/OV0/EfOc31bf2+fKNcK6cmi5Qb8r3trt0POMlR/ID8+g5yXESwYqouCbmwutuQDGwPpKi1BcjnfXn6X/AJtIxw26ypOvAZjIExi0gZ2GVE80GTJBe8ZhAKGvEDEBH0gOiJikgv8AOkjAdDgHfpHsT6RBRa5PpGsTFYURvaK8e8VoWFHR4/CBWsqsBvZhYjsZUNO2s6vF4T4jl3fU9FW3+8rpwpAb5+VtV+vnEs+Num6OV5onLuh6RhOoq8NQj57afhPv5yt/gaf976fvB58afHf9As0WYKDUTTpYe5Av/P8AiWhwRNxWH0/eWkwAJAVgSTaw3J5WsZnPLF+GP7sX4M7GUwrWXlpBgzTr8LyjMSdWYXP4huNtJWGHUf3H1A/3kxkmipSVlYUyf35DzMsYVlDADUnc9ui/vE9MtoSNOWw9pOhRykEWv1mlp+SYv5LdWpe4AGthy2gDmB8uktJSyve97H0PpFXF+QEVqK8lSbYENfcwmcAQKAdPrHZb8vrJuzkyRF8ex0l3D4gyvRwt+X1l1MNaN1RzTx31F3EElFPe59NB+crYjCpVXK9m6XHiXuGhHe6mwtlsMxIygf8AJMzsRxEp8iZ26lsqe25+kSkkZvFJtaumYuL+yVVWvSbONwNA3ryMp4eqQclZSpXW5FiCNtD1Nh6zTfiWNZhZlQX2RV09Tc/WLib12Hw6lqnyHMQoIuLmxFjvbQ9JrHNq68o78ayVc2n+zW+yWGWnUJFS4dL3yeLw3JUG5Fup7Ccjj8aWzIWvd2JuRcEHS9ue8sNUbLkJsDmF77XHP1mdwfCLndKim4t101N9pzqClkcj0m9YL4BKL31Gk1sP9qmoURSSklgSc7XLXJvbS2kejg6fxGzh8gAyZAtyehzazmcW4zuACBnawOpAvztzm2SMZcfTPHP2iWKx9Rz4m9BoLnmesDSexBO0HDVUZRlZSp31FiY0lHiKbNOlT+KHemllQAst7sBbV7fh09IMW0Fh5/pAcJVy4FNAzt4VuAQL76Np6zrU+zbU0zVshuSTkuMt+WttIKXaB8V0csydt47DQW/57ToauERaZyEXW7KMwY35c9YPh2BoOmatVqK9z4AhIFzuDlI25SyFOLbMF21sY6qWFhrz9p1CcNwzPpUdhb5nXJl/tN7Zh3tDYXh9NAHR8rhjYX0t1Bv9ILpMs0YnH3LW6/pJCg29iQN7fr0nWLgUF1U+EnMTcWzdhymTWpmlWARiquRmbKTlBOpvY+cbj5/Q1kTr9/synUEi19dl3/KRcFTYqR6WnW/4PhBviyxa+wXQ30FipI84hwuhUbL8Vqg2DhWUbbNbn3ifCnNJWcfkinYYfgFE5lYutjp4XIa3fkZL/BabasGv/wDZ+mkTjK6oxf1UYqyqMQfxf/qP/VkffgTieyf6F/aCNXy9h+049UcuqLf9cfxD6yQxvcexmeXPX6CL4zjnDVD0RonFLz/IyBrp39pnNiH6n3MiazdT7mCihqCNL4qnmfYyHxByJmd8Zv4ZKm80UTSKSNAVfOGSt5zHd9YlqR0aVZ0uLx6mwVQMqBQygLmI3ZxzJ/SBbF3Gu/nMgMWhlWFWQ515L6Pry94ZHUbmYL1iGIk1rHaCQmr6zpkxo2UQdfiSrpu3QbDzP6TBq4zKMqnXm3TsP3lYVRJaV8Mmm/4NetjM/wAzN5WFh5C8AaydT7CVKroBo+b/AMSPzgfiCKh6Gh/UqNQxuOwk8TxAu2Z3LNYC5tew2vYTMDSVoqHr6B8ROqutyB8w7c29po8Fol6i0vmLjwtmt4eV/KU0Uggi4I53MBWrGkAVFmOga5uvS3SKVtUvJ0xzJ4njfTtav2VxAbKGRhyOdh7i0824ngnR3zLazup1BsQxFp2/DftLWpgBznsLZj89rczzOgnN8Tp/Fqu5B8bFr3t726RYpSi3saQ+0lcTN4Nb4lyL2Ukeems3nxGYWZVZeanUG3USjRwiJsNetyYXJNJSt2jCck5WgK4ULqlxzHbyMtYfjFZLqWLC1ir66dLwdpWZxmIIub8iPyJvJcjfDNvjNBcWxAI56xf1DQCk2HkP5pGJMDlmls6D/GaL4x6yvmjfF7QJ1RaFaSGJtylE1DIl4BqjQONtGPETM+8sYXBO58KE99h7mOilBMIce0H/AFZlp1p0f739Mo9t5Qq4gsbneN88hpENmMYNGLRs0kKJXiMjmizGOgoleK8jmizR0FD2Eb4fSPn7RB4w6RZSYlTSSDR7iVZSYTDvt7SyJUosL2lqlUt3gjLJG3whWo31g3OQf3H6DrLdWsoW/PkP18pmO17kwY421TErW5Xjluw9oPWK8k0oneIQcV4BQTNHzQV4g0QUGzRmYHcXgi0QeKgoMHMQcwPxBG+JCg1LAqR/iSsakYsIhalk1BK9fDMyu4F1XLm2OraDwsO3KMDLnDK6slZCbE5LablW1+hMmbcVaNcVRttgFewA7RZhI1KZU2MhcRpprhn56EJEa0hcSaJmNhqYwoVpOnRLGwF5qYPgDsMz+EdDvLNTHU6Ayoqs3W36ylFvr4Oq8jYTg6IM9dgB+EHUyvj+KgjJSARO2hMzcTi3c3Y+l9IDNKbUeITbYjFGvFeZiJkxoopSKFcxXiijAWeSiijAa8RiigSOQYg3WKKADXhkr28/p5xRRgCdyTcxswiiiGK4i0iigMjeMxEeKAyJYSOaKKIBEmQLGKKA0QLjmI625R4oyh7mSDRRSSRs8gtlbMpIPPvFFAC2+KV8ubQg69CvPaDdlJOU3HlFFIUUvBKikXcBw16nQDqZ0FPC08OMzWv15xRTojFFviMniXGWfRTYfWZBa+t4opnJuyURuYsxiikjFmizRRQEf//Z,"EA SPORTS FC™ is here—the next chapter in The World's Game. Join us in building the future of football on a foundation of innovation and authenticity with more than 19,000 fully licensed players, 700 teams, and 30 leagues."
NBA 2k24,2023-9-8,"Sports","PS5,Xbox series",Visual Concepts,2K Games,$70,5.0,3,True,70 hours,https://youtu.be/OJS1BVniz5c?si=kK7oMjybWKIH4ZZx,https://encrypted-tbn0.gstatic.com/images?q=tbn:ANd9GcS2lfeQ8Kjq7Kb260evwzLlxnFFVEA5n2lOww&usqp=CAU,"Packed with pure, authentic hoops action, NBA 2K24 boasts a variety of single-player and multiplayer game modes for you to immerse yourself in. Realize your NBA dreams in MyCAREER, assemble a dream team of your favorite players in MyTEAM, put on your General Manager cap in MyNBA, and play as today's stars in Play Now."
F1 23,2023-6-16,"Sports","PS5,Xbox series",Codemasters,EA,$70,9.0,3,True,120 hours,https://youtu.be/wHNgoRCWqTg?si=C0jXVfl-1R2PW1QX,data:image/jpeg;base64,/9j/4AAQSkZJRgABAQAAAQABAAD/2wCEAAoHCBUVFBcVFRUYGBcZGiAaGhkaGh4gIx4ZIRkZICAaHSEgIiwjIh0pIBoaJDYlKS0vNDMzGSI4PjgyPSwyMy8BCwsLDw4PHhISHjIqIyoyMjQyMj0yMjQyLzIyNDIyMjIyMjM0MjIyNTIyMjIyMjIyMjIyMjIyMjIyMjIyMjIyMv/AABEIAKgBKwMBIgACEQEDEQH/xAAbAAACAgMBAAAAAAAAAAAAAAADBAIFAAEGB//EAEUQAAIBAgQDBQUGBAMHAwUAAAECEQADBBIhMQVBURMiYXGBBjKRobFCUsHR4fAUI2JyU5LxFTNDgqLC0gcWshdjc4OT/8QAGQEAAwEBAQAAAAAAAAAAAAAAAAECAwQF/8QAKxEAAgICAgIABQQCAwAAAAAAAAECEQMhEjEEQRMiUWFxgZGhsTLBFCNC/9oADAMBAAIRAxEAPwDhH4hcO7t6sfxNL3sSRqST5az+tSxThLhXKdD0J7pGkfH61HGAMAEBkQCJIEwdR56fOnsqKXsy3eZp3+NMPaOp1OtDwVkLbkby2aOmmX8aeZ/5azzKn5EHp4UUJ96FhhzBMbQN+Zn8q2MPoTI0j56UyjQjAA/Z2E7H1oZwtwmQCRuOWk89qfELBvh5BadgDt4haittcrmdVUkCd4IB+RqwTC3NBEgggyfGf35VC3w1uqzP15cqfEVi/CbqZg2wIOutX9zjVs2OyYGVAAMDpIO+1IHhABgudBrpz5xvU/8AZqaTmkAAz9eVHELG8L7Wm1aW3btqSJliTuSToAPGuf8A4pswIgZnE+p5etXdrhttEYqky0GSTHlM/sUVsKqbBIOogfvzpqIWcrgXu3GuL3mOw056jSBSqcOxDbo3/MfzNdzh5lv7Wj67x0mhEgJmJ18T++op0IpcLYu2kVcq52IWCTGs9BQV49eQlUuqusfy1PxGYirVsWme2AQZcAxBgHSqiywyXUygFCdQADpJ6f0n40mBcYLi1+6oRrtwhjB5T5gb1tOIi2ultu6Yk666jUyOlVvBcR3teoPzouIWDeToxPxk/wDaKlaGx3D8Y7S4i5R0Hw05a7Ab0piOI3MgcZRO++nnr4Gq/BFu0QgEwwOgJ5irF8C+V1ykQ5gnQRmGsnTaaUpUrYndaQvhsfcYuC2vZtERuBPnsDSt530OZoPiat8PhMjA5lyQc2xmQRynrUm4OtxVIeF5QCfrFYvyYRVtlcJ/Qp8OZtmdYdTr4yPypa8IJFdCeGW7YI/mXCYlVIzDWQY0/wBKDc/h0YB0OY6gFSP+pzE+Smms8ZK0m/0KUH7K65rbXxt/MFh+AoXDrT9ohCMRmEmDtzq+w0tBRTlB2Crt0kDX06U+UY8viQPrWE/LadKLZTx12znMZw5zkgBYUA5iF1HrU8NhMqFWdZmdAx0Ig8hrtV7dwReB4zpr+EVpOGKN3OvVgKUc+XjtUPjD2yjscFQZWLsYg6AD86YxWBt6tlzEbST9BFXQwttREzHmfpWx2XQ/AfXWsnkyX80kL5F6OftoYIVAPAKD9abS00DQ7eX6VaNfUbL8TP5UI4hvAegpSnF9tsbmvSKpeGueg+dZc4GGjOfwqydyd2oLL+/2a0fltmdIatY97aLbV1VVAUQsmB4xSWJvdoczS56kD9awjp8hQ2QxuT5/rU/8mQaBPcH3Z8zUM39PyH5UTJ0+VRyeH1qfjTfsLMvcOE7kaakfHTT0rQ4co11PKdadxOLtgKSwhlBmJ206+FDbiNspoWIEzA+7B5+Br19EEcHw62GyRpMGekx40z2ILQQoPyHgPCqx+NruLbEjbWPpW+J8RdLjhVETIMciAfxotBstHQiAI25D5fhRUWVO8xry2P6mqLG424QpU7nkOqqw+prfDkvMWBzwyMNiNYkesipckgovkVDM78pI/P8Ac0t/FW1BBdZ6gz9KrMHgLiNLwNveZRqGU9fCotwlR71xQCYGjN5coqHmgvaLUJPpFvjOLW0ZTJMqGmNwR4+VK4/iuUxkJ3GpjYkfhTF3hNsqmdyMihNABOpjr1incTwdFUPcXSYGZgJmNlBBPwrF+ZDtW/whrHIpbPFXa1dhACmQiddCSp+oqDYy49oEHWdgJ+0R+K1d4nBdnbFy3aUKxhmgHug6kjUmI6cqziMWcoNwuxg5FTJKdc2YRv8AdNOOeU0nGL/XQ/hqrbRTcLs3jcUsLmXUGQQIKkTr51LDcKuZHVhqdiWHQ7x4hasrOKS46Jat9o4BYtczwq82dhcChVH3h8aFjOIqEKK7ORoboDWwTP8Aw9ZInqBPSKieTMnUUv7K4Rq7E8P7PNIOdZBnQEnTXwpxeCjPcdSxDsZ2AB1kECWESdxSN/2gulFS3cu6aMJdSV8wwHyPnROF2rrzeNq5pOUvoueIXtJEsNdtJ6048+5y19lQqjdIIuDtW/8Ad5WbXc3ImJgswRZ8potrGp2LXmRAw973TJGm4nTxpe/wi/cYM14Ts2aW0+6qqAqr4LWsJ7K2gZe4511VYAjpqSYqJSxe5X+oOS9INc48gUkgrO2oYARuzd2NeQBqrt8aY3WbJcfQRkJMeI2y+Q3q+w3DsNbYhUBbchiW+Wy1YhyBoFA8AKy+Nhxu0ti5s5fBW8S7KGS4BrqSxgGfsuxObaaucJgLqFiWALCO0LEMOuUe6o8Rr4inu0Y8/jMVk6bD9+lZy8mLdqI+TKV+AKzE3LpaeQGo9dZ8zRk4Jhl3Vn5d9iasm15AVoR4VD8qfrRL2QtBEAVEAA2GsfhRDcPKB5CohROn0reTy9azebJL2wIFj94+pqAUnmPjWsTeFuJJykMMyqTkeJUsBBKaEH0pK3xuQAmDu3SND331MDvKUTQTmieWUzyrSGDJNXa/cQ7l6/v0qF0qiy3dHVoH1ikbOJxisSbFq0GbMGvd4psYSXGkroCCRqJiaLiMatqyLalHutmOcFSFzHVFUeJmfMCt14UqtsF3QdGDCQAfHbl4n6VgTxHyqswoaygL3e1zQdxCglVHjvy032qzwFwumZjbWSYEyYGhkRI1j4jrWeTw8kd1+BJp9EclQy+UU3h5d3XYLpn0gmFMATm58wNqjxBktKGZmILBdAOhP4dPhWSwZPoVQr2cf6UPKOU/CKPg8XZuNlAeYnXKJHPrTpyD7J9X/IVovGmFFYyT9k/Kh9g3T51aFl6KfNmP0NQkdE/6vzq14s/sOkc/cwKtbtAuspmBIDMIJkagedTw+ERREswM+6AN1I6zz6cqdTg92BMLtzUfZjqDvrTK8MjU3BMz11M6baiDWjy5n1/Rrwxr2V2EwFpiQUbT7zbjrAg1YvZt+8yLoAJPQCBv5UbD4FF+0TpGgiANtz+FUXHXftVtpIBWZPe3nkBH7FR8PPOXzNpEtw9Ite3Ig27ZK7NAAg6Rty18KHez3csI+jS0AkBYM5mjLoZ+FK/xVxsN/DP2uQvmNxgfAhdRtPnVfw60l+8FJXJat53WQodbeUQeUtzjfXma6p+Nitce627IjklG2Wt7NbXO0BWgLoXBMayqtmCgzJ8qtkwqXEIFxFZlygi9JVsuwUoh5deetU78ba01rIsWgWCKARAZZdEjQGHEwPtA0e3jsLdt3Ue0qMo/lMs55mAvekNHMxz251rihjguk/yRkyTk6LDHNirSG1aCNnyg5Ea4yqpaC4LMmZ5B70iBoN6qoKKTcVLjOe9/OW3mIE5VQIDmj7srqAOlVvFsWp/llEBHdJGmY7AsR4aeVdFZ4PbwVkXHcm7cyBIQQCjz3Sy5gARqSNtxSlKK6VfRGmPFKWrv6szD3MMHy3Uym3blC+ZiHzaKCXyooGuUHXoNZWTA4K4rk3jJzOSSwyMw0VFQarpEa+7pU24uiuy3rBkAMoBy5+9lLFjlkHMWzTGh8KNwzG4DGC5bNsYW6dmbKwYzoIcRyEiAddDzpxzOtpDfjxcnTN4fglsWxcS4LtpRrkdn7w/oVQZ3MBeu1U/E0tZwSF3AUMjkBZ98MtxWJ/p20qPF7RsXRaa2LaqGWVd3DKSSrS5072ukal5E1R3MSXR1OYMpBtiNDPvDaZ0EfrpPFcrV/voinHT7OxwFu0WU2LofIcrLatqp3JDE3M5bZhm6Egamn8dxJO7hxbUWQFbspUMSCWQiddTrEawTPKuKwmKv2beRCylmJOUNqSABmgSQIOm2pomAZgzNcd7hYd5nVpAAJGUtrAk7eFEoqtocZPpFlieKm3chrZJAHdtXFyZTrK5iz7ECZ0K+lPYA3Y7a9byWoBCjM906gBUVoAE6liDoTvuOOxGKR2Ck6ZgCRyBME12fEccbTMlq42W0Qmuh93zM9JoUIdtK/wAGcuVpRWvf2QhiMZhzcW4+KuoUACW1tkRq+jZVVWbbXTRhJMGmU49mzi2l260ErlRQqqFHeY6to0yYiI1Bqk7V7t1FRlW4zSGJyhSJYtMGAIJ9K7r/AGebaXLt68GutbAV1E7jKQM/vBlMbjlUT4f+kjbHhlP/AB6RSP2sK2Rrly5lZbfag5bZJ1ygKZjmd4Gg1FbxPGbq/wDBkDdir6HQHTNsDOv0oo44gAtXEZ8zBWYlEOWQons1XRRHoDRr3GuH2HOW1nCEorWzKkNqwAL5Ptagga8tqjgr3FG8oY2tMHY4mr2xcJtqOcjYzEeOtPJfjWVHjkGn/TT/APD2MZYL4G72TKdMihe8NSj92VBncdZ12rlOLY++iXFdGtsnMtOogg8hEwZEirUIekjKePiky9/2iCcnaSZjLmA16RG/hRjdj/U1zluzYKWriJccB5vW1PeFuFuK1sCCTlOXf3gNRNNXfaSz3AMJfQkjMbmmouIZBZiMpQMplD73ONb4qrSMr3QDivEbjB4ZlUEqV01AJE9eUx41V4b2kvW0Fu3Da6SGaJ5AKROp+dP3Pa+yXcpYt3CDmQXEVEjIQ09mqlyScwzjSNIMGov7XXHVlK4e3bYZWFu3dZssloDSEmSxmdCxilFNrY5aZLgrPcFzEYjFNh2GtoNakusMGyA6EaZRvJnpSedrym6WJOYkiYg7TpAk6+h8ai3ExdIORWt2ra21F3UQC7FotuACS+sknQa0PEYybbsigSQMttSBGXL3QSTyG5O9N66FHd2Qs41FJ7Q3DJkZXtrrOs57TknXlHOm8F7T35Kq4ZQSqozJnJ1ygAZc0kgaDXXQVWYh3xb9o5QFVAI9zMFAACz3ZjfUbzrUr2CsqNbtsttBY3OuoyEr6ECtFKRDSOkGKR1Atj+Hu73A6AI7H7WVVDAwPeJ86oONO63Led3dZIJNsqs7SvdAI2IMt560E4lQqgG8wX3O7lC/2yDpOsSKx+JdoFTs7RyiAWEnedcpzb6/TxqSUkEW4sDhcZlu2iPvr12JynbwJrpeG40Bmsl2u3EJzZ5QiDBA5MJ1nxqnt3cSwGVbYUaQtqdOk3eXlTeGwtxX7Qxm+8WJOu+gn5VnRSLsXB/h/B/yNZI+43+Z/wDxpRnkQdT5/g0ULsl6P/kP4UFFqbZnUadf3yqS2iBErPXrRTiGbTT/ACL+AoqP/SPgPypCFTaeIIBB6HSpJZPT4mfnvToH9C/ACkr/ABS0m4BPhP8A5ipcku2BG/hSylTpPyPI1TYT2WS3JW64YiJ7m2sgec08/tCPs2gfEsw+Umo/+4P/ALSDyLf+QpOaGIv7PntDcF3SBoFWRCgb5p5TpFOWeBAFX7S4zrqpZiwB5EqSZG2hrZ48SI7MH1P50ReN9baUc10FW7Oab2UxDuzOVAJOmYzGsfZI6c6vDhsX2aW2ClLebKGYtAZYKxExEjfTNTrcetcrc/L8DWDjFr7kf85/Kplki+/6Gm07OfxHD8ZeKZ7JUIpVTmXVSZg97TYfPTWtr7M3WOpVBsRlnT4kfKuhTjdkcmnn3tPoaZXjeGO/afEfjVKcUhNuTtlJc4C9yO1vs+UZRMmB0BmmsLwC1b2LSdznP+tWb8YsbqH8yR+ZoqcRsmSASPMUnmivYd9iq4VRtI9T+NLcQ4Z2lsqHIJBAbUxIIOgidDt5U8/FbHJAesiPlOtZa4phYJNv07Mx8c/4U/iQfsaOYw/sciam7mP9oj4GdaW9o2ayipHRc+wYd5tuTAlp8CtdxaxmHb3QqjxNz/t/Kt3hgmI7Ts3I90FGaPI3GEUucX7BRaPKeHM7XA6uFyENOnXkDM6E6HSJ8q77G8aTEW8OjgIytlcrAUKCIJG4EawNoq/bh+GuKBltZemZB8gWpQ+yuEJkWiT/AEu5HytxRPhOvsaY+cLr3o43E3LdzC3WIUXkeAc2pAVSVK9DJgidVgxpNUEa4bgygqXYyFY7kwdDlHLU12H/ANPgWZjdvCWJ0VAJJnZmWaL/AOy7YgfxCmOTJt/kuEfKqVfUiSbekcjwnHXcPci1dKtMAAggnTQjaNInpXTe0PFlxCIcmS6BDGFIggyoMZokyKPifZ+3ZGbtbWxIEZSY6SgJ+NUuOxsXJtkAnaQCPKGBFOldoFkkouJS4jC7GA0CB3gsdIBBEb7dKu7eAsK+UFBcXud7KJJ0PdIOfc96VAPlNUmKx8tnuFyTuIUAwT0I+ldJwC8MVma9mNouQ384IQ574JGb3SZgxAO/IilTM7aE7+Bt22OQ21yLmm0pLsI1hjKiNtDz50w1zK2XUo9tnUOTusHTM5GomCYn4V1eI4bhJLXFtFSJl7rvqSe7CmI0EctRGlefe02Om4ws5VRWyhEWIygDM39UyPICrqlsm96DpibZOxQwSWyf1aLp4elazggjUac9/lVBZu3Ce9nImdZiRt4V0Nq2Fgc+ZO9Zssja4RbdQ+st3mgzqd9D40dOE2x7pY/82X/4xUsPcyOynbMvpKvBHqI9RTjAHXbxptghdLFsb21PiRJ+c0fux7oHkAPpWXEEAgjWtIkiOnOgZs3CNmBHQ0ZHD6AEHp+tDskHcCfwoWU5vX9/WgAjW3A0J9daHmb7gppFJGhYev50NlA3I+AoAvwyjaZqaZTv+/nUXurbWSwHhAJqmxvG5lU0H3iPwFYynWl2CQxxe8vuifTT5TXP3Wk+6NancxIaZ/Cgm5009ayjGtsejURvUQ1bBnc1LLABJ/OrERM9KKcOImR5UN3PiP38K0XNS79CCKk6DSiWbYzCTNAtb6ifCnrawJbKBWc3QAb9pdTsOkUuqE6Dem3ZWMCp4fD88xoU+K2GhRrDAxz6UzkZRC78zU2yJrv5b0tcvs2kQKVuYBXIC5dPE0uHUcjPyqds+Q8Tv6U2mBJ5R/U2g/OnqPYFct5htIFFRyDLkeXOrc8Pu3FjDLba4YCtltqpOYSB2mrQJ2J1FGu8A7LK+LvNnygHs4IHUyeUz9kVXyPSe/5KjFydFQmPE8xRV48bZmbhnYAEk7DSOevWnX4PZb/d38pj7aEz6qQR8KTXh1yzcF44e3fFshgBccSQdGgCTG+8VrHAu60OcZQdMtLvtDdsAu+HIQGC9xE5mASA5jUio3fa7GHENatC2BbXNcRVE+8q5UOsv3hprv4VV3se19LnZ4W1ba803LhuMWbLOkFIXXmoB5TSPsxwrENduXUa0Crsji4HYFgwbVRoyzB16bVp/wBceiVOb7Zbe0C4rLcxF42T2eVWtrdDOoJjaBzJJ150tjuyuXnVgtgW1QgC2H1FsMWzP3RJ201mh8ex+Lt3blt7y5mdXYpZRDccAFS2ktE6AyAdRXN3+0vOWzM7Ekl3YtLSOZ577U1XJNdUJp9Max2PJBCsXQwFRhak6TqEBB1J8dqNgmVDaIUrldcwYR352kM2ZdtSBJkRQrdtwoFuwAcmUu5EknVjG/IRtEeNRxHDhpNxsxnfXU7x4VbV9dk9HoWN4seza0i2B3oYme1jNuCdBpHodq824nicl+6IEi4+8n7R33HPlXZtmyITcABCyCzQTs32sq6j5865vEcMVrrt2lmWuMSHuJIlzplz/hW81aVGcdN2UVp1GpfU+BJHqf3pV42KHdPgKjZ4UB792zlk6rdjeI2tvoIJ251O7hMKGBbEWwJBKhrj6A6iOwSD61g4M0UgRxIa4xn7IJjoGAPwDT6VfpglTYSfGSa53FXbJvE4ecgZoXIdVJ2O55Aa1bNxJwJFoL4uY+sU1FhyQ/eEQKwHQnn4UthXuMM7lfIA/U04tud9unhUNUWjeHtnehXWMxz9KauuFGm/SgKhnM3zpgHSVGvLoaA2KHR/j+tBu3iNJ0oGnX50ABxOMZzMk+M0uWPOtr5eNS7ItvXKmkI0oqQtk0cJl3HxrQuLsTH76VPNvoAQtAbt6Cts86IIrZ8B6xWsmklopX9QIBQPOmLNhjyMeVaW9bXVQCR1E/WoXcSzazA120ofJ9AHeE0MA9KXe9roPjURbjU/GsVZ0UE+lNRQg1pjvuekUxhwxMk+n6VBLUDVgD0GpppAADoAP361EmOiF5FA5DxP5UsEB8P6qlfuljpuekk1FLZ3cz4En6CnFMdNmJcRDIBY9W/IUXt3ucvUmAKq73EnuXOzsogE5A2XSecmCdelXfAsJZuC4cRjbqsjZYtDKAw3EupOmmsDnW8vH9slbdCWN4C+IuI9u6uYIoZYuFlKwMyZAQQdG3HeJ86seLk3CWdWXvzBEGC0mfSjX8FZa7bFrF424SYP85c/LRQLcDUjUnWq/inAsWcQUtJibtsCG7Rg5VuYZkUAaQY3qJePKTi70i4zUXtCuDwR1dF7xMMZM7CPHauqwKXlUEgBRElmHx61T8N4p/C2yi3hnBEqgUkT/UUlj4AEADcaTDEA3WzuLzTqTM/9ortx4JJ7ZU/KUlxSRZ28dhhccG5bFzchBc18QSmvnHSpcGvrh7mIuo6Olx84lSCpEzvAJOnwqvb2ftOO6bgkbt41yHEMLfRShW92ae8SjBROsHTrO/SiUI3bRkrj7/2W3tLxIYq4bpKFgRqGVZHIATJ21aOlSwF93trnVBklUyzOXfUyesaRoBXKK2mkg9RsfPx/cV0PCni0B4n61m2FFthUzNFVnGO7deN1AA82mT8AadwmIytNVfFLwa45PMoT5SR+IpJlJbFVvyCpZso76kRmBGhUfGdI2HjQmt3Xaba3o6mZ85rOESt1P/yR+fxruAnX4VadCatHJYThV4mexUn711pHwFWVvg13nctp17O0p+Z1q+zHppULjxz9BvT5BxKxeDr9q5dfzaB8AKPbwltPdQT1Op9Jph0J1bQdK0hA1PwqXJsFFE0Tmd6017kuprT5m30Fazhdt6Bm1SNTvQXcsdNqKJb3jA6UZLfhAoATFknRR6nf0FG/2av3jRmuxIRaAyMdzQBWlY1MCtPd5CNq6zD+wV1lBuXlQndQpaPWQJqzsf8Ap/ZHvXLjHnsB9JryX5WJe7K+HI86didyTWxpECvW7Xsng1iLI05ln+fep/C8LsW/93atqeuUT8TrWb86HpMfw2ePDCXmIAt3STsAja/KrPCex+NuAHswgP8AiMAfUCT8RXqWLx1u0ua5cVB4mPh1rkeJe3J1XD2/+d/wUfiaUfJyT/xihuEV2yqu+xBtrnv4q1bHOAT8JiT6VSYzDWlYi07XBzYpl18JMn5UXH8Uu3TnuuzkbDQAeQAikDi100IB2Yho+O3I12Y45Wrk7/ohuPpE8sdK2FPM/Petx4D0ramNv1puYrCrptA863fxNpbbTbd7okhs/cAjmsAnnz/KlnufvenMFwq5dUt3lWNx7x/tH4n508UW5aRLYDDM9xVCGJA923qdN9TI61rFYK4uYG27dwZWMg9oXC5cu+gJadtKvUxeFwSFXtIdgoZ2uXHMcxMBZ2rnuJ+1Vy4e4q2EmALa